:020000040800F2
:10000000F88200206D03000829690008574700089E
:10001000FD680008BD0E0008017A0008000000001D
:10002000000000000000000000000000AD02000819
:10003000911600080000000009030008E96F00089D
:100040008703000887030008870300088703000868
:100050008703000887030008F316000887030008D9
:100060008703000887030008870300088703000848
:100070008703000887030008A1130008870300080E
:100080008703000887030008870300088703000828
:100090008703000887030008870300088703000818
:1000A0008703000887030008870300088703000808
:1000B0008703000887030008870300086D470008CE
:1000C0005D470008870300088703000887030008CE
:1000D000870300088703000887030008E179000808
:1000E00087030008870300088703000887030008C8
:1000F00087030008870300088703000887030008B8
:1001000087030008870300088703000887030008A7
:100110008703000887030008D170000887030008E0
:100120008703000887030008870300088703000887
:10013000870300080000000000000000870300089B
:100140008703000887030008870300088703000867
:10015000870300088703000887030008F179000877
:100160008703000887030008870300088703000847
:1001700087030008870300088703000800000000C9
:1001800000000000870300080000000000000000DD
:10019000870300080000000000000000870300083B
:1001A00000000000000000000000000087030008BD
:1001B00087030008870300088703000887030008F7
:1001C0008703000800F002F800F060F80AA090E849
:1001D000000C82448344AAF10107DA4501D100F002
:1001E00055F8AFF2090EBAE80F0013F0010F18BF6F
:1001F000FB1A43F00103184730F3000050F30000EE
:100200000A444FF0000C10F8013B13F0070408BF3C
:1002100010F8014B1D1108BF10F8015B641E05D0DA
:1002200010F8016B641E01F8016BF9D113F0080F8F
:100230001EBF10F8014BAD1C0C1B09D16D1E58BF21
:1002400001F801CBFAD505E014F8016B01F8016B58
:100250006D1EF9D59142D6D37047000000230024CB
:1002600000250026103A28BF78C1FBD8520728BFC6
:1002700030C148BF0B6070471FB50EF00CFA9DE807
:10028000030000F097FA1FBD10B510BD00F0FEFA94
:100290001146FFF7F1FF0AF03AF800F01CFB03B437
:1002A000FFF7F2FF03BC00F04DFB00002C4B196878
:1002B0000868B0E8F04F80F30988BFF36F8F4FF004
:1002C000000080F3118870470000000008480068B3
:1002D000006880F308884FF0000080F3148862B64D
:1002E00061B6BFF34F8FBFF36F8F00DF00BF00BF5A
:1002F00008ED00E0DFF80C00016841F470010160D6
:10030000704700BF88ED00E0EFF30980BFF36F8F07
:10031000134B1A681EF0100F08BF20ED108A20E959
:10032000F04F106009B44FF0500080F31188BFF314
:100330004F8FBFF36F8F0CF027FC4FF0000080F35E
:10034000118809BC19680868B0E8F04F1EF0100F5A
:1003500008BFB0EC108A80F30988BFF36F8F704735
:1003600090010020EFF305807047000009488047A6
:1003700009480047FEE7FEE7FEE7FEE7FEE7FEE787
:10038000FEE7FEE7FEE7FEE704480549054A064B9F
:1003900070470000BD700008C5010008F87C00200F
:1003A000F8820020F87E0020F87E002070B5064616
:1003B00000F0E4F9056806F10B0020F00704B442F0
:1003C0009CBF002070BD2B466A68BAB11068A0427D
:1003D00010D304F1080188423CBF5068586007D32D
:1003E0005168101941601168091B01605860146060
:1003F000101D70BD13465268002AE7D121462846D9
:1004000000F0C4F90028DED170BD70B50446051FA8
:1004100000F0B4F90068002C14BF446870BD002CD3
:1004200018BFAC423CBF20466468F8D301680A1884
:10043000AA4218BF456003D12A68054611440160ED
:1004400028684119A1421CBF6C6070BD6168696079
:1004500021680844286070BD53EA020C00F06980EE
:100460002DE9F04B4FF00006002B1FBFB3FA83F5C8
:1004700003FA05F424FA05F65E4012BF1643B2FAF9
:1004800082F502FA05F4C5F120051EBF22FA05FC2B
:1004900044EA0C04203556EA044C4FEA144418BFD1
:1004A000641C4FF000084FF00009904271EB030C00
:1004B00039D3002919BFB1FA81F701FA07F6B0FA6A
:1004C00080F700FA07F6C7F120071EBF20FA07FCE5
:1004D00046EA0C062037B6FBF4FCA7EB0507103FF5
:1004E00007F01F0BCBF120060CFA0BFB2CFA06F6DB
:1004F00044BFB3460026202FA4BF5E464FF0000B3A
:100500005BEA060C08BF4FF0010B19EB0B09ABFBC4
:10051000027C48EB0608C01B06FB02CC0BFB03CC9D
:1005200071EB0C01C1E70B46024641464846BDE867
:10053000F08B13B54FF000004FF00001AFF30080D7
:10054000BDE81C40704710B54C1084EA530404D534
:100550004042C1F1000138BF491E1B4204D552423E
:10056000C3F1000338BF5B1EFFF776FF14F0804F26
:1005700004D04042C1F1000138BF491E14F0004FC1
:1005800004D05242C3F1000338BF5B1E10BD40EAE5
:10059000010310B59B070FD1042A0DD310C808C959
:1005A000121F9C42F8D020BA19BA884201D9012002
:1005B00010BD4FF0FF3010BD1AB1D30703D0521C4D
:1005C00007E0002010BD10F8013B11F8014B1B1B88
:1005D00007D110F8013B11F8014B1B1B01D1921EF2
:1005E000F1D1184610BD032A40F2308010F0030C00
:1005F00000F0158011F8013BBCF1020F624498BF76
:1006000011F801CB00F8013B38BF11F8013BA2F112
:10061000040298BF00F801CB38BF00F8013B11F08D
:10062000030300F02580083AC0F0088051F8043B2D
:10063000083A51F804CBA0E80810F5E7121D5CBF9A
:1006400051F8043B40F8043BAFF30080D20724BFCD
:1006500011F8013B11F801CB48BF11F8012B24BF61
:1006600000F8013B00F801CB48BF00F8012B7047B0
:1006700010B5203AC0F00B80B1E81850203AA0E83D
:100680001850B1E81850A0E81850BFF4F5AF5FEA71
:10069000027C24BFB1E81850A0E8185044BF18C924
:1006A00018C0BDE810405FEA827C24BF51F8043BCB
:1006B00040F8043B08BF7047D20728BF31F8023B1F
:1006C00048BF11F8012B28BF20F8023B48BF00F8B3
:1006D000012B704702F0FF0343EA032242EA024281
:1006E00000F002B84FF000020429C0F0128010F0B0
:1006F000030C00F01B80CCF1040CBCF1020F18BFFE
:1007000000F8012BA8BF20F8022BA1EB0C0100F090
:100710000DB85FEAC17C24BF00F8012B00F8012B63
:1007200048BF00F8012B70474FF0000200B5134698
:1007300094469646203922BFA0E80C50A0E80C5001
:10074000B1F12001BFF4F7AF090728BFA0E80C50B2
:1007500048BF0CC05DF804EB890028BF40F8042BAB
:1007600008BF704748BF20F8022B11F0804F18BF18
:1007700000F8012B7047704770477047004870477A
:100780009C7C0020704770477047704738B504461E
:100790000A4600206946AFF30080002808BF38BD34
:1007A00002460099204600F04FF8012038BD012094
:1007B00000F064B8F8B5AFF30080054600200C46A1
:1007C000102000BF0646A819A0420DD9324669463E
:1007D0000020AFF30080070008BF00F04FF800983A
:1007E000A04218BF0546C419FFF7C8FF05600746B9
:1007F000F01D20F007004619284600F00AF8B44220
:1008000008BFF8BDA21B31463868BDE8F84000F0CB
:100810001BB800210160C0E901107047102070472B
:1008200010B500F00DF8006810BD10B5044600F0DA
:1008300007F8046010BD000000487047947C002059
:1008400000487047947C0020034640688C4600288E
:1008500018BF88423CBF03464068F8D31868184464
:10086000884207D00CF1030020F00700001D411A58
:10087000521A0146081D0A60FFF7C7BD10B500F007
:1008800039F8BDE8104000F02FB870477546FFF703
:10089000D3FFAE4605006946534620F00700854663
:1008A00018B020B5FFF770FDBDE820404FF00006FE
:1008B0004FF000074FF000084FF0000B21F0070148
:1008C000AC46ACE8C009ACE8C009ACE8C009ACE88B
:1008D000C0098D46704710B50446AFF3008020462E
:1008E000BDE81040FFF7DBBC002801D000F02AB8BB
:1008F0007047000010B5012805D0002103A000F0CA
:1009000027F8012010BD09A1F8E70000534947521C
:10091000544D454D3A204F7574206F6620686561CF
:1009200070206D656D6F7279000000003A20486597
:100930006170206D656D6F727920636F7272757072
:100940007465640001491820ABBEFEE72600020072
:1009500070B505460C460A2000E06D1C00F011F849
:1009600035B128780028F8D102E0641C00F009F8BD
:1009700014B120780028F8D1BDE870400A20AFF308
:10098000008008B569468DF800000320ABBE08BDA5
:1009900055494A6822F440324A604A6843681A431B
:1009A0004A600268526822F4807203685A600268E2
:1009B0005368026943EA022203685A600268526877
:1009C00022F0407203685A600268526883681A43D2
:1009D00003685A600268926822F4006203689A60B1
:1009E00002689268C3681A4303689A603F4B826A40
:1009F0009A4218D00268926822F0706203689A6086
:100A000002689268836A1A4303689A60026892686F
:100A100022F0405203689A6002689268C36A1A43DF
:100A200003689A600BE00268926822F070620368C3
:100A30009A600268926822F0405203689A600268E5
:100A4000926822F0020203689A6002689368027E4C
:100A500043EA420203689A602022125CA2B1026853
:100A6000526842F4006203685A600268526822F4D5
:100A7000604203685A6002685368426A521E43EA41
:100A8000423203685A6005E00268526822F400624C
:100A900003685A600268D26A22F470020368DA625C
:100AA0000268D36A828B521E43EA02520368DA62FA
:100AB0000268926822F4007203689A600268936880
:100AC00090F8302043EA422203689A6002689268F4
:100AD00022F4806203689A6002689368426943EA7C
:100AE000822203689A607047002301400100000FD2
:100AF00010B50848C06820B10649C8681421FFF73E
:100B0000F1FD0020034908704880087208740875D8
:100B1000488210BD6C1D002010B518210E48FFF74B
:100B200003FE00200C49087048800872087408759C
:100B300048821420FFF73AFC0749C8600846C0689D
:100B400010B94FF0FF3010BD0349C8681421FFF7FA
:100B5000C9FD0020F7E700006C1D002007B59DEDE2
:100B6000021AB8EEC11AF0EE410A9DED011AB8EE74
:100B7000C11AB0EE410ABDF8000000F03FFA0EBD08
:100B800086B00D4BD3E900219B68CDE90413039295
:100B90009DF80C109DF80D2041EA0221ADF80010DF
:100BA000DDF80E100191DDF8121002919DE80E00A3
:100BB00080E80E0006B07047841D002010B5552057
:100BC0001A494871AA2119488171194801881748A2
:100BD000A0F80B101648017C1448417300F098FCF3
:100BE0001249C1F8070013484069C1F816001248BD
:100BF00041680E48C0F80E10104841680B48C0F814
:100C0000121040F6BA320E491A30FFF7ECFC0748D2
:100C1000408BC0F5167000EB800040F6CF31081A0B
:100C20000249488000200880087110BD981D0020EE
:100C30001002002060050020C02C00204030002061
:100C4000B211002010B520480078002839D01F4884
:100C50000079002835D11C4908701C48008800F52F
:100C600080701A494988884213DA18480288401D62
:100C700011184FF48072164803F010FD38B913486C
:100C8000008800F5807011490880002010BD012007
:100C9000FCE70E4840880D4B1B88C01A82B20B48F7
:100CA0000388401D19180A4803F0F8FC38B90748B2
:100CB000408806490880012008710020E6E70120ED
:100CC000E4E70120E2E7000002000020981D002078
:100CD000600400202DED048B84B00124FFF71CFF7D
:100CE00001222D492D4803F03BFC00BF00F038FCE9
:100CF000B0EE409AF0EE609A294890ED000B53EC6C
:100D0000102B51EC190B0DF06BFB41EC180B9FED08
:100D1000250B53EC102B0DF055FA1DD2234800780B
:100D200010B12348007930B92CB922480088401C02
:100D30002049088006E020480088401C1E490880A1
:100D4000FFF73CFF1CB1012018490870002400F097
:100D500007FC134880ED000B1448007830B11448AC
:100D6000007918B9FFF76EFF14490870144800782D
:100D700068B100201249087001A8FFF701FF11486F
:100D800001A90EC90EC00C3807C8FFF7E7FE012005
:100D90000AF022FDAAE70000010000206004002004
:100DA0005000002000000000000069400200002008
:100DB000981D0020580000205A0000204800002004
:100DC000AD0000208802002010B5044638480078A5
:100DD000052868D2DFE800F003111F364900AA2C6D
:100DE00008D101203249087008460471007A401C7D
:100DF000087201E0FFF77CFE58E0552C08D1022074
:100E00002B49087008464471007A401C087201E0C2
:100E1000FFF76EFE4AE02648017A001D4454001F89
:100E2000007A401C224908720846007A042808D13A
:100E300008468179C07941EA00201D494880032095
:100E4000087033E01A48C0681949097C44541848AE
:100E5000007C401C164908740846007C498888427A
:100E600002D104201249087020E01148408A10493C
:100E7000097DC90004FA01F108430D49488208467A
:100E8000007D401C08750846007D02280AD10846EE
:100E90004288C1680748FFF7A6FB01200649087091
:100EA000FFF726FE02E0FFF723FE00BF00BF10BDE4
:100EB0006C1D0020841D0020AD00002000BFFEE757
:100EC00010B5044624B1012C1BD0022C18D163E0CC
:100ED0009FED420A424880ED030A09F043FC9FED72
:100EE0003F0A404880ED030A09F03CFC09F028FC69
:100EF00000F036FB3C4880ED020B00203A490874B4
:100F000069E0374841683848816336484168364867
:100F1000C16300F025FB344880ED060B90ED060B15
:100F200080ED080B314890ED050A2F4880ED0B0A43
:100F300090ED0B0AD0ED0C0A30EE200A80ED0D0A80
:100F400008E0294890ED0D0ADFED290A30EE600A2D
:100F500080ED0D0A244890ED0D0ADFED260AB4EE6F
:100F6000E00AF1EE10FAECDC08E01F4890ED0D0A03
:100F7000DFED1F0A30EE200A80ED0D0A1A4890EDD1
:100F80000D0ADFED1D0AB4EEE00AF1EE10FAECD323
:100F90000120154908741EE0114841681248416556
:100FA0001048416810488165416D806E01440E48CB
:100FB000C165816D806E01440B48016600F0D0FA76
:100FC000094880ED100B90ED100B80ED120B022004
:100FD0000549087400BF00BF10BD000000000000FC
:100FE000C02C0020403000201002002060050020AE
:100FF0000000B44300003443000034C310B52DEDAD
:10100000028B0446F0EE408AB0EE608A0C48007C09
:1010100018B10120BDEC028B10BD094804800020EE
:10102000074981F87000B0EE680A00F0B3F9B0EE3D
:10103000480A00F091F90120FFF742FF0020E9E79C
:101040001002002010B52DED048B9848007C20B1D3
:10105000012818D002287CD17FE09FED950A9548A1
:1010600080ED030A09F07EFB9FED910A924880ED26
:10107000030A09F077FB09F063FB00F071FA8B4873
:1010800080ED020B0DE1894890ED0D0A8B48D0ED03
:10109000050A30EE600AB0EEC00A8448D0ED0A0AB4
:1010A000B4EEE00AF1EE10FA13DC824890ED040A87
:1010B000DFED830AB4EEE00AF1EE10FA09DC7E48B7
:1010C00090ED040ADFED7E0AB4EEE00AF1EE10FACC
:1010D00005DD00F045FA754880ED080B24E000F0CE
:1010E0003FFAB0EE409AF0EE609A704890ED081B1F
:1010F000B0EE410AF0EE610A53EC102B51EC190BE3
:101100000DF06EF941EC180B9FED6E0B53EC102BAC
:101110000DF058F808D200F023FA644880ED080B6F
:101120000220FFF7CDFEBCE06048D0ED0D0AB0EE26
:10113000600A09F00FF95D4AD16BBFEE000A906BAF
:1011400009F020FB5B4809F00DFB5B4809F00AFB46
:1011500000E094E009F0F4FAA3E0544AD26D554B54
:101160005B68D11A002901DB0A4600E04A4200EE22
:10117000102AB8EEC00A4D4AD2ED140AB4EEE00AC5
:10118000F1EE10FA28DC126E4B4B5B68D01A002887
:1011900001DB024600E0424200EE102AB8EEC00A2F
:1011A000424AD2ED140AB4EEE00AF1EE10FA13DC72
:1011B000404A92ED040ADFED420AB4EEE00AF1EE95
:1011C00010FA09DC3C4A92ED040ADFED3D0AB4EE68
:1011D000E00AF1EE10FA05DD00F0C2F9334880EDC7
:1011E000120B28E000F0BCF9B0EE409AF0EE609AE5
:1011F0002E4890ED121BB0EE410AF0EE610A53EC5E
:10120000102B51EC190B0DF0EBF841EC180B9FED86
:101210002D0B53EC102B0CF0D5FF0CD200F0A0F9E5
:10122000224880ED120B0120204981F87000002037
:10123000FFF746FE35E01D48D0ED170AF8EEE00A4C
:10124000B0EE600A1B4809F065FA1848D0ED180A9C
:10125000F8EEE00AB0EE600A174809F05BFA134AAC
:10126000916DB7EE000A506D09F08CFA114809F043
:1012700079FA114809F076FA09F062FA11E00020D3
:10128000FFF71EFE9FED0A0A0A4880ED030A09F0E7
:1012900069FA9FED070A084880ED030A09F062FA2F
:1012A00000BF00BFBDEC048B10BD00001002002089
:1012B00000000000C02C002040300020600500200D
:1012C0006F12833A000000000000694010B500F082
:1012D00047F91D4880ED020B00201B490874088067
:1012E00081F870009FED190A084680ED0B0A9FED0A
:1012F000170A80ED0D0A9FED150A80ED0C0AB7EE76
:10130000000A80ED0A0A9FED120B80ED080B9FED9D
:10131000100B80ED060B00218163C16381669FED98
:101320000B0A80ED190AB3EE040A80ED140A9FED52
:10133000080B80ED120B9FED060B80ED100B416545
:101340008165C165016610BD10020020000000002B
:1013500000000000000000000A4880ED190AD0EDEE
:10136000190A9FED091A60EE810A9FED081A60EED6
:10137000810A9FED071AC0EE811AFDEEE10AC0ED69
:101380001A0A70471002002000D0364500007A4447
:10139000D9A0D543014880ED0C0A70471002002007
:1013A00010B5024800F0EAFB10BD0000F004002078
:1013B0000146087810381823B0FBF3F20848805C27
:1013C000C865032A05D908686FF30900001D886500
:1013D00003E008686FF309008865886D70470000B6
:1013E00060E70008014600208A6A8B69CBB932B1F8
:1013F000012A0DD0022A03D0032A10D10EE000BF2B
:10140000CB6A03F08073B3F1807F00D1012007E045
:10141000CB6AB3F1C07F00D1012001E000E000BF42
:1014200034E08B69B3F5005F1AD132B1012A07D0DD
:10143000022A03D0032A11D10AE000BF01200EE0E6
:10144000CB6A03F08073B3F1807F00D1012006E006
:10145000CB6AB3F1C07F00D1012000E000BF15E0EE
:1014600032B1012A05D0022A04D0032A0CD103E0AC
:1014700000BF00BF012008E0CB6A03F08073B3F126
:10148000807F00D1012000E000BF00BF704730B571
:101490000468246824F4802405682C600468636070
:1014A0008468402C04D10468A2600468E16003E011
:1014B0000468A1600468E26030BD00002DE9F047D7
:1014C00082460F48D0F804900E4804680E48006821
:1014D000814500D2641C002111EB090544EB010693
:1014E0000A4800684FF47A71B0FBF1F700233A46DE
:1014F00028463146FEF7B0FFCAF80000BDE8F08785
:10150000001000E0880100208C0100206C00002009
:101510002DE9F0470E48D0F804900E4804680E48B4
:101520000068814500D2641C002111EB090544EBE1
:1015300001060A4800684FF47A71B0FBF1F7002306
:101540003A4628463146FEF787FFBDE8F08700009F
:10155000001000E0880100208C0100206C000020B9
:101560002DE9F0412DED068B1348456813480468BA
:1015700013480068854200D2641C00214E1944EBD8
:101580000107104800680CF089FC9FED0F0B53EC2D
:10159000102B0CF0EFFA41EC180B304639460CF0EA
:1015A00091FC53EC182B0CF0E5FA41EC100BBDEC60
:1015B000068BBDE8F0810000001000E088010020EB
:1015C0008C0100206C0000200000000000408F40D3
:1015D0002DE9F0412DED068B13484568134804684A
:1015E00013480068854200D2641C00214E1944EB68
:1015F0000107104800680CF051FC9FED0F0B53ECF5
:10160000102B0CF0B7FA41EC180B304639460CF0B1
:1016100059FC53EC182B0CF0ADFA41EC100BBDEC5F
:10162000068BBDE8F0810000001000E0880100207A
:101630008C0100206C0000200000000080842E41FE
:101640000F48006800F0807028B90D48006840F02D
:1016500080700B49086000200A494860084600680D
:1016600040F0010008600020074908600749086051
:101670000448406808B1012070470020FCE70000E2
:10168000FCED00E0001000E0880100208C0100204B
:10169000704710B504464FF47A7104FB01F000F076
:1016A00001F810BD10B52DED088B0446FFF790FF33
:1016B000B0EE408AF0EE608A00E000BF20460CF0F9
:1016C000EDFB41EC190BFFF783FFB0EE40BAF0EEF3
:1016D00060BA53EC182B51EC1B0B0CF081FE41EC63
:1016E0001A0B53EC192B0CF033FCE6D3BDEC088B32
:1016F00010BD10B5012000F029FC10BD72B600BF6E
:10170000FEE7000008F0A0FEDFED0C0A9FED0B0ADB
:101710000AF02AFF08F0C8FEFFF7D8FD00BF08480E
:1017200000780A2806D100200549087009F06AF8F7
:10173000FFF788FC01200AF04FF8F0E700000000F6
:101740000300002070B52DED028B04460D46B0EE6F
:10175000408AF0EE608AB5EEC08AF1EE10FA15DD2F
:10176000F5EEC08AF1EE10FA10DDF0EE680AB0EE88
:10177000480A294604F1080004F0DCF9064616B9C7
:101780000120207001E00020207001E00020207086
:10179000002084F86C019FED030A84ED5A0ABDEC29
:1017A000028B70BD0000000010B52DED068B0446C5
:1017B000F0EE408AB0EE609AF0EE419AB0EE61AA87
:1017C000207850B179EE680AB0EE600A04F10800A2
:1017D00004F05CFAB0EE408A01E039EE688ADFED91
:1017E0000CAA94F86C0118B9012084F86C0107E088
:1017F00094ED5A0A38EE400AC0EE0A0AF0EE60AAEA
:1018000084ED5A8A29EEAA0ABDEC068B10BD0000B1
:101810000000000038B502460020009000BF92F89A
:101820003C00012801D1022038BD012082F83C0093
:1018300000BF0868092816D91068C0680C780A3CEF
:1018400004EB44050724AC40A0431468E0600C7826
:101850000A3C04EB44048868A0401468E468204310
:101860001468E06013E0106800690C7804EB44052C
:101870000724AC40A043146820610C7804EB4404B6
:101880008868A0401468246920431468206148686F
:10189000072817D21068406B0C79641E04EB84058E
:1018A0001F24AC40A04314686063088880B20C79A0
:1018B000641E04EB8404A0401468646B2043146825
:1018C000606331E048680D2817D21068006B0C790E
:1018D000E41F04EB84051F24AC40A043146820637C
:1018E000088880B20C79E41F04EB8404A0401468DB
:1018F000246B20431468206316E01068C06A0C79DA
:101900000D3C04EB84051F24AC40A0431468E06246
:10191000088880B20C790D3C04EB8404A040146864
:10192000E46A20431468E0621E4B1F4C1068A0421A
:101930000AD10868122807D1586820F400005860BE
:10194000586840F480005860174C1068A04222D1BB
:10195000164C0868A04202D0086811281BD15868AC
:1019600020F480005860586840F4000058600F4C24
:101970000868A0420FD10E4800680E4CB0FBF4F08E
:1019800000EB80004000009002E00098401E0090B4
:1019900000980028F9D100BF002082F83C0000BF69
:1019A00000BF41E700230140002001401200001069
:1019B0006C00002040420F0070B5044600250CB9B1
:1019C000012070BD1549A06A884200D000BF206C7C
:1019D00030B9204600F024F80020606484F83C0010
:1019E000206C00F0100088B9206C20F4885040F082
:1019F000020020642046FEF7CBFF00206064206CCC
:101A000020F0020040F00100206400E0012500BF4A
:101A1000002084F83C0000BF2846D2E70100000FF8
:101A200010B586B00446142101A8FEF77DFE1949C1
:101A3000206888422BD100BF002000901648006823
:101A400040F48070144908600846006800F4807013
:101A5000009000BF00BF00BF002000900E48143867
:101A6000006840F001000C4914390860084600681D
:101A700000F00100009000BF00BF0420019003208F
:101A800002900020039001A9044800F06DFA06B00E
:101A900010BD000000200140443802400000024018
:101AA00070B50446A56D00F051FB064694F835006C
:101AB000022808D08020606500BF002084F8340030
:101AC00000BF012070BD2068006820F0160021686A
:101AD00008602068406920F0800021684861206C1F
:101AE00008B9A06C28B12068006820F008002168BF
:101AF00008602068006820F001002168086010E09C
:101B000000F024FB801B05280BD9202060650320F2
:101B100084F8350000BF002084F8340000BF0320A3
:101B2000D0E72068006800F001000028E8D194F8B0
:101B30005C103F208840A860012084F8350000BF79
:101B4000002084F8340000BF00BFBBE7014691F8D5
:101B50003500022803D08020486501207047052009
:101B600081F835000868006820F001000A681060FC
:101B70000020F3E7014691F835007047F8B50446B8
:101B8000002000908C4800684FF41651B0FBF1F72C
:101B9000A56D2E6894F85C1008208840304098B1FC
:101BA0002068006800F0040070B12068006820F030
:101BB00004002168086094F85C1008208840A86040
:101BC000606D40F00100606594F85C100120884071
:101BD000304068B12068406900F0800040B194F85E
:101BE0005C1001208840A860606D40F002006065D4
:101BF00094F85C1004208840304068B12068006888
:101C000000F0020040B194F85C1004208840A86005
:101C1000606D40F00400606594F85C10102088400E
:101C2000304078B32068006800F0080050B394F8A2
:101C30005C1010208840A8602068006800F48020B4
:101C400080B12068006800F4002028B9206CC8B179
:101C50002046216C884715E0A06C98B12046A16C05
:101C600088470FE02068006800F4807028B9206879
:101C7000006820F0080021680860206C10B1204640
:101C8000216C884794F85C10202088403040002860
:101C900065D02068006800F0100000285FD094F83C
:101CA0005C1020208840A86094F83500052828D1D1
:101CB0002068006820F016002168086020684069EC
:101CC00020F0800021684861206C08B9A06C28B120
:101CD0002068006820F008002168086094F85C1013
:101CE0003F208840A860012084F8350000BF002014
:101CF00084F8340000BF206D10B12046216D884764
:101D0000F8BD2068006800F4802080B12068006879
:101D100000F4002028B9606C10B12046616C88473F
:101D20001DE0E06BD8B12046E16B884717E02068E2
:101D3000006800F4807068B92068006820F0100026
:101D400021680860012084F8350000BF002084F875
:101D5000340000BFE06B10B12046E16B8847606D36
:101D600038B3606D00F00100F0B1052084F8350053
:101D70002068006820F001002168086000BF00981A
:101D8000401C0090B84200D905E02068006800F0CF
:101D900001000028F3D100BF012084F8350000BF06
:101DA000002084F8340000BFE06C10B12046E16CE4
:101DB000884700BFA4E700006C0000202DE9F04137
:101DC0000446002500F0C2F9074614B90120BDE819
:101DD000F081606A00B100BF022084F8350000BFC6
:101DE000002084F8340000BF2068006820F0010063
:101DF000216808600AE000F0A9F9C01B052805D990
:101E000020206065032084F83500E0E72068006842
:101E100000F001000028EED1206805682148054047
:101E2000D4E901010843E168084321690843616975
:101E30000843A1690843E1690843216A084305434F
:101E4000606A042803D1D4E90B01084305432068E4
:101E500005602068456925F00705606A0543606AEA
:101E600004280DD1A06A0543E06A48B12046FFF777
:101E7000B9FA28B140206065012084F83500A6E752
:101E8000206845612046FFF793FA064694F85C10F7
:101E90003F208840B06000206065012084F8350054
:101EA000002094E73F8010F02DE9F04704460D46EE
:101EB00016461F464FF00008D4F8589000BF94F81B
:101EC0003400012802D10220BDE8F087012084F807
:101ED000340000BF94F83500012825D1022084F891
:101EE0003500002060653B46324629462046FFF714
:101EF000CEFA94F85C103F208840C9F808002068AA
:101F0000006840F0160021680860206C28B1206845
:101F1000006840F00800216808602068006840F010
:101F200001002168086006E000BF002084F834004A
:101F300000BF4FF002084046C6E70000012802D16A
:101F40000121014A117070479C00002010B5044621
:101F500004480068204020B1024804602046FFF792
:101F6000EDFF10BD143C0140F8B502460B460025BC
:101F7000002400200021D1E0012606FA01F51E68A8
:101F800006EA0504AC4274D11E7906F00306012E60
:101F900004D01E7906F00306022E13D190684F007C
:101FA0000326BE40B0434F00DE68BE403043906021
:101FB000506801268E40B0431E79C6F300168E404D
:101FC000304350601E7906F00306032E09D0D06816
:101FD0004F000326BE40B0434F009E68BE403043D2
:101FE000D0601E7906F00306022E13D1CF0802F14D
:101FF000200656F827004E07F70E0F26BE40B043C6
:102000004F07FF0E1E69BE403043CF0802F1200685
:1020100046F8270010684F000326BE40B0431E79E3
:1020200006F003064F00BE40304310605E6806F4C1
:102030004036002E71D000BF00260096394E36681B
:1020400046F48046374F3E603E46366806F480468A
:10205000009600BF00BF344E8F0856F827008E0749
:10206000370F0F26BE40B043304EB24202D1002699
:102070001FE052E02E4EB24201D1012619E02D4E52
:10208000B24201D1022614E02B4EB24201D1032606
:102090000FE02A4EB24201D104260AE0284EB24295
:1020A00001D1052605E0274EB24201D1062600E007
:1020B00007268F073F0FBE4030431B4E8F0846F860
:1020C0002700214E3068A0435E6806F4801606B1F2
:1020D00020431D4E3060361D3068A0435E6806F414
:1020E000001606B12043184E361D3060164E361FBE
:1020F0003068A0435E6806F4003606B12043124EF5
:10210000361F3060361F3068A0435E6806F48036A4
:1021100006B120430C4E083E3060491C1029FFF4E4
:102120002BAFF8BD4438024008380140000002409F
:102130000004024000080240000C0240001002406F
:102140000014024000180240083C014001480068A9
:102150007047000060000020704770472DE9F84F7D
:102160000446206847692068D0F80480002594F868
:102170003E90C7F3002040B1C8F3002028B145F0DD
:1021800001056FF4807021684861C7F3402040B1B9
:10219000C8F3002028B145F002056FF400702168F3
:1021A0004861C7F3802070B3C8F3002058B3CA4613
:1021B000B4F82AB094F83D60206B0090BAF1200F7B
:1021C0000FD1BBF1000F0CD1212E06D0292E04D047
:1021D000282E06D10098212803D1204603F0E0F9EB
:1021E00011E06FF480602168486145F00405B9F1A1
:1021F000100F02D0B9F1400F05D12068006840F4FB
:10220000007021680860C7F3C02040B1C8F3002007
:1022100028B145F008056FF40060216848612DB1D0
:10222000206C28432064204602F03CFBBDE8F88F78
:102230002DE9F04705464FF0000928684668D5F8B3
:102240002CA095F83E7095F83D80102F01D0402FBE
:1022500075D12868D0F818902868446904F0010006
:1022600060B9BAF52A0F02D0BAF12A4F01D1012084
:1022700000E00020012801D1BDE8F08704F0010052
:1022800048B1C6F3402030B1284602F077FA28461C
:1022900002F01CFFB7E0C4F3C00030B1C6F3402029
:1022A00018B1284602F0C9FDADE0C4F3400030B1DA
:1022B000C6F3402018B1284602F0D4FDA3E0C9F3CC
:1022C000800040B32868406800F40060B0F5006FFB
:1022D000E0D0C4F3C01048B1C6F3802030B1C4F3DD
:1022E000800018B9284602F03CFD8CE0C4F3800061
:1022F0000028CFD0C6F340200028CBD0B8F1210F62
:1023000003D1284602F0DDFC7DE0402F7BD128463A
:1023100002F02BFF77E02868406800F40060B0F519
:10232000006F70D0C4F3801050B1C6F3802038B174
:10233000C4F3800020B9284602F041FC63E00BE0C2
:10234000C4F3800000285ED0C6F3402000285AD095
:10235000284602F09CFB56E0286C10B128684469BE
:1023600004E02868D0F8189028684469C4F3400055
:1023700060B1C6F3402048B1286C10B12868D0F88D
:1023800018904946284603F0D3F83CE0C4F3001007
:1023900030B1C6F3402018B1284603F055F932E0B9
:1023A000B8F1210F02D0B8F1290F16D1C4F3C01033
:1023B00048B1C6F3802030B1C4F3800018B9284674
:1023C00003F093F81FE0C4F38000E0B1C6F34020AF
:1023D000C8B1284603F07CF815E0C4F3801048B17A
:1023E000C6F3802030B1C4F3800018B9284603F04A
:1023F0004CF808E0C4F3800028B1C6F3402010B1C7
:10240000284603F035F800BF36E70000034A0168AC
:10241000914202D10121024A1170704700540040DC
:102420005E00002070B504460CB9012070BD94F820
:102430003D0028B9002084F83C00204600F02CFB29
:10244000242084F83D002068006820F00100216805
:1024500008602068006840F4004021680860206837
:10246000006820F400402168086000F059FD05462E
:102470005C496068884206D85B48854201D20120E9
:1024800007E0002005E05948854201D2012000E024
:102490000020012800D1C9E75548B5FBF0F62068B7
:1024A000406820F03F003043216848604D49606833
:1024B000884201D8701C07E04FF4967070434FF4C7
:1024C0007A71B0FBF1F0401C2168096A21F03F01EC
:1024D00008432168086243496068884214D8681E2E
:1024E00061684900B0FBF1F0401CC0F30B00042808
:1024F00001D204203DE0681E61684900B0FBF1F0A4
:10250000401CC0F30B0034E0A06838B9681E616855
:1025100001EB4101B0FBF1F0401C0AE0681E61686C
:1025200001EBC10202EB0111B0FBF1F0401C40F4E1
:102530008040C0F30B0008B901201AE0A06848B938
:10254000681E616801EB4101B0FBF1F0401CC0F373
:102550000B000CE0681E616801EBC10202EB011187
:10256000B0FBF1F0401CC0F30B0040F4804040F49D
:1025700000402168C9694CF6FF7291430843216805
:10258000C861D4E9070108432168096821F0C00146
:10259000084321680860D4E903100843216889686A
:1025A00048F2FF329143084321688860D4E905016D
:1025B00008432168C96821F0FF0108432168C86009
:1025C0002068006840F00100216808600020206455
:1025D000202084F83D000020206384F83E0000BFE6
:1025E00024E70000A086010080841E0000093D0051
:1025F00040420F007047704770470000034A01686F
:10260000914202D10121024A1170704700540040EA
:102610005D000020034A0168914202D10121024A73
:1026200011707047005400405C0000202DE9FC5FF1
:1026300004460F4690469946DDE90CAB0E9EFFF727
:1026400085FD054694F83D00202870D1192301220C
:10265000B5492046009503F0F0F810B10220BDE81E
:10266000FC9F00BF94F83C00012801D10220F6E74E
:10267000012084F83C0000BF2068006800F00100E1
:1026800028B92068006840F00100216808602068CF
:10269000006820F4006021680860222084F83D0072
:1026A000402084F83E0000202064C4F824A0A4F850
:1026B0002AB0608D20859D48E0624B4642463946EF
:1026C0002046CDE9006502F0B3FD08B10120C6E760
:1026D000208D88B900BF00200190206840690190DA
:1026E00020688069019000BF00BF2068006840F446
:1026F00000702168086040E0208D012818D1206812
:10270000006820F480602168086000BF002001900C
:1027100020684069019020688069019000BF00BF77
:102720002068006840F400702168086025E0F8E047
:10273000208D022816D12068006820F4806021686E
:1027400008602068006840F400602168086000BFED
:102750000020019020684069019020688069019004
:1027600000BF0AE000BF002001902068406901908E
:1027700020688069019000BF00BFC3E0208D03285E
:102780007ED8208D012815D12A463146204603F0F7
:1027900030F908B1012062E720680069616A0870B9
:1027A000606A401C6062208D401E2085608D401E46
:1027B0006085A7E0208D02282AD1334600225C499B
:1027C0002046009503F039F808B1012047E720685A
:1027D000006840F400702168086020680069616A40
:1027E0000870606A401C6062208D401E2085608DEC
:1027F000401E608520680069616A0870606A401C3C
:102800006062208D401E2085608D401E608579E0CD
:102810003346002246492046009503F00EF808B1E1
:1028200001201CE72068006820F4806021680860AF
:1028300020680069616A0870606A401C6062208DCF
:10284000401E2085608D401E608533460022384939
:102850002046009502F0F1FF08B10120FFE6206854
:10286000006840F400702168086020680069616AAF
:102870000870606A401C6062208D401E208500E068
:1028800010E0608D401E608520680069616A0870F4
:10289000606A401C6062208D401E2085608D401E55
:1028A00060852FE02A463146204603F0A2F808B1A1
:1028B0000120D4E620680069616A0870606A401CE3
:1028C0006062208D401E2085608D401E60852068DE
:1028D0004069C0F38000A8B1208D032805D120688D
:1028E000006820F480602168086020680069616ADF
:1028F0000870606A401C6062208D401E2085608DDB
:10290000401E6085208D00287FF438AF202084F899
:102910003D00002084F83E0000BF84F83C0000BF6A
:102920009DE602209BE60000020010000000FFFF71
:10293000040001002DE9FC5F04460F4690469946CD
:10294000DDE90CAB0E9EFFF701FC054694F83D0057
:1029500020287DD1192301224D492046009502F0FF
:102960006CFF10B10220BDE8FC9F00BF94F83C0052
:10297000012801D10220F6E7012084F83C0000BFC5
:102980002068006800F0010028B92068006840F065
:102990000100216808602068006820F40060216858
:1029A0000860212084F83D00402084F83E0000208B
:1029B0002064C4F824A0A4F82AB0608D208535488E
:1029C000E0624B46424639462046CDE9006502F0BA
:1029D000DFFC08B10120C6E731E02A463146204637
:1029E00003F074F850B1206C042805D12068006809
:1029F00040F40070216808600120B4E7606A007844
:102A000021680861606A401C6062208D401E20853C
:102A1000608D401E608520684069C0F3800070B101
:102A2000208D60B1606A007821680861606A401C8E
:102A30006062208D401E2085608D401E6085208D47
:102A40000028CAD12A463146204602F0C3FE00E0E3
:102A50001CE050B1206C042805D12068006840F4C7
:102A600000702168086001207DE72068006840F45C
:102A7000007021680860202084F83D00002084F860
:102A80003E0000BF84F83C0000BF6CE702206AE70C
:102A9000020010000000FFFF10B586B004461421AC
:102AA00001A8FDF741FE23492068884240D100BFBC
:102AB000002000902048006840F002001E49086095
:102AC0000846006800F00200009000BF00BF4FF40D
:102AD0004070019012200290002003900320049087
:102AE0000420059001A91548FFF73EFA00BF002019
:102AF000009011481030006840F400100E49103169
:102B000008600846006800F40010009000BF00BF95
:102B1000002205211F2000F0A3F81F2000F08CF8F0
:102B200000220521202000F09BF8202000F084F8EE
:102B300006B010BD0054004030380240000402408E
:102B40007047704703480068034909780844014901
:102B500008607047600000206800002010B50D4834
:102B6000006840F400700B4908600846006840F4B3
:102B7000806008600846006840F4807008600320A8
:102B800000F0ACF80F2000F007F800F02BF8002060
:102B900010BD0000003C024070B504460E480078AD
:102BA0004FF47A71B1FBF0F00C490968B1FBF0F514
:102BB000284600F0D5FC08B1012070BD102C07D2CA
:102BC00000222146501E00F04BF80548046001E049
:102BD0000120F2E70020F0E7680000206C000020F0
:102BE0006400002008B500BF002000901148006874
:102BF00040F480400F4908600846006800F48040B7
:102C0000009000BF00BF00BF00200090081F0068B8
:102C100040F08050091F08600846006800F08050AE
:102C2000009000BF00BF00220F21901E00F018F896
:102C300008BD0000443802400146084600280DDB6C
:102C400000BF00BF00F01F0301229A4043099B0010
:102C500003F1E023C3F8002100BF00BF00BF7047AD
:102C60002DE9F05F80460D461646002704F0F6FE7B
:102C7000074639462A46334601F00700C0F1070AE5
:102C8000BAF1040F02D94FF0040A01E0C0F1070ABB
:102C9000D14600F1040ABAF1070F02D24FF0000A40
:102CA00001E0A0F1030AD4464FF0010A0AFA09FA3A
:102CB000AAF1010A0AEA020A0AFA0CFA4FF0010B19
:102CC0000BFA0CFBABF1010B0BEA030B4AEA0B040A
:102CD0002146404604F0CAFEBDE8F09F00BF00F068
:102CE0000702064B19684FF6FF031940044B0B43CC
:102CF00043EA0221014B196000BF70470CED00E070
:102D00000000FA0538B5002400BF002000901D48DF
:102D1000006840F080501B4908600846006800F0D9
:102D20008050009000BF00BF012017490864FFF7E2
:102D30000DFA044607E0FFF709FA001BB0F57A7FA9
:102D400001D9032038BD1148406800F48030B0F547
:102D5000803FF0D101200C494864FFF7F7F90446A1
:102D600007E0FFF7F3F9001BB0F57A7F01D90320E4
:102D7000E8E70648406800F40030B0F5003FF0D1C5
:102D80000020DFE74038024000000E4200700040A3
:102D900070B504460D460CB9012070BD5848006856
:102DA00000F00F00A84209D255490D70084600688E
:102DB00000F00F00A84201D00120EEE7207800F0DB
:102DC000020002281DD1207800F00400042805D15B
:102DD0004C48006840F4E0504A490860207800F010
:102DE0000800082805D14748006840F4604045497C
:102DF00008604448006820F0F000A1680843414999
:102E00000860207800F00100A8B36068012807D1AD
:102E10003C4808380068C0F34040B8B90120BCE71E
:102E20006068022802D06068032807D13548083856
:102E30000068C0F3406048B90120AEE73148083867
:102E40000068C0F3400008B90120A6E72D480068DB
:102E500020F00300616808432A490860FFF776F90B
:102E6000064609E0FFF772F9801B41F2883188427B
:102E700002D9032091E707E02248006800F00C0027
:102E80006168B0EB810FEDD11D48006800F00F00C4
:102E9000A84209D91A490D700846006800F00F00D1
:102EA000A84201D0012078E7207800F0040004282F
:102EB00007D11448006820F4E050E1680843114944
:102EC0000860207800F00800082808D10D48006844
:102ED00020F46040216940EAC1000A49086000F01E
:102EE0003FF808490968C1F30311074A515CC8401B
:102EF0000649086006480068FFF74EFE00204CE7D0
:102F0000003C02400838024068E700086C000020DE
:102F10006400002001480068704700006C00002039
:102F200000B5FFF7F7FF04490968C1F38221034A9E
:102F3000515CC84000BD00000838024078E7000836
:102F400000B5FFF7E7FF04490968C1F34231034ABE
:102F5000515CC84000BD00000838024078E7000816
:102F60002DE9F047002400250026A146A2463F484F
:102F7000006800F00C0030B1042807D0082808D001
:102F80000C286BD138E0DFF8E8A06AE0DFF8E4A0B5
:102F900067E03648001F006800F03F043348001F18
:102FA000006800F4800078B132483049091F096890
:102FB000C1F38811A0FB0170014622460023384668
:102FC000FDF74AFA05460DE029482849091F096816
:102FD000C1F38811A0FB0171224600233846FDF79A
:102FE0003BFA05462148001F0068C0F30140401C21
:102FF0004600B5FBF6FA34E01C48001F006800F0FC
:103000003F041A48001F006800F4800078B1194896
:103010001649091F0968C1F38811A0FB0170014618
:10302000224600233846FDF717FA05460EE0104801
:103030000E49091F0968C1F38811A0FB0170014600
:10304000224600233846FDF707FA05460748001FC9
:103050000068C0F30279B5FBF9FA02E0DFF810A0CE
:1030600000BF00BF5046BDE8F087000008380240AE
:103070000024F40040787D01F8B504460CB9012025
:10308000F8BD207800F0010000286FD0FE480068ED
:1030900000F00C0004281BD0FB48006800F00C0076
:1030A000082807D1F848001F006800F48000B0F538
:1030B000800F0DD0F448006800F00C000C2813D1EC
:1030C000F148001F006800F48000B0F5800F0BD1BC
:1030D000ED4808380068C0F34040002859D06068C7
:1030E000002856D10120CBE700BF6068B0F5803FD3
:1030F00008D1E5480838006840F48030E2490839D2
:1031000008601EE06068B0F5A02F0DD1DE480838D9
:10311000006840F48020DC490839086008460068EF
:1031200040F4803008600CE0D7480838006820F48C
:103130008030D549083908600846006820F48020AE
:10314000086000BF606890B1FFF700F8054606E030
:10315000FEF7FCFF401B642801D9032090E7CA4812
:1031600008380068C0F340400028F1D011E0FEF7B5
:10317000EDFF054606E0FEF7E9FF401B642801D994
:1031800003207DE7C04808380068C0F340400028AD
:10319000F1D1207800F0020002286BD1BA48006813
:1031A00000F00C00B8B1B848006800F00C00082826
:1031B00005D1B548001F006800F4800058B1B2483E
:1031C000006800F00C000C281CD1AF48001F0068FC
:1031D00000F48000B0B9AC4808380068C0F3400083
:1031E00020B1E068012801D0012049E7A64808384D
:1031F000006820F0F800216940EAC100A2490839BE
:10320000086037E0E06800B30120A0490860FEF7DD
:103210009DFF054606E0FEF799FF401B022801D9F5
:1032200003202DE7984808380068C0F340000028C4
:10323000F1D095480838006820F0F800216940EA8C
:10324000C10091490839086014E000208F490860E6
:10325000FEF77CFF054606E0FEF778FF401B0228DC
:1032600001D903200CE7884808380068C0F3400003
:103270000028F1D1207800F0080008282CD16069DE
:10328000A8B1012082490860FEF760FF054606E00C
:10329000FEF75CFF401B022801D90320F0E67A48C4
:1032A0006C300068C0F340000028F1D014E000202A
:1032B00077490860FEF74AFF054606E0FEF746FF3D
:1032C000401B022801D90320DAE66F486C30006801
:1032D000C0F340000028F1D1207800F00400042859
:1032E00070D1002768483830006800F0805090B9ED
:1032F00000BF0020009064483830006840F08050E3
:103300006149383108600846006800F0805000903C
:1033100000BF00BF01275F48006800F48070B0B9AB
:103320005C48006840F480705A490860FEF70EFF60
:10333000054606E0FEF70AFF401B022801D90320DC
:103340009EE65448006800F480700028F2D000BF68
:10335000A068012808D14C486830006840F001009E
:103360004949683108601DE0A06805280DD146482C
:103370006830006840F0040043496831086008463E
:10338000006840F0010008600CE03F4868300068C9
:1033900020F001003C49683108600846006820F0D0
:1033A0000400086000BFA068A8B1FEF7CFFE054684
:1033B00009E0FEF7CBFE401B41F28831884202D97A
:1033C00003205DE626E0304868300068C0F3400026
:1033D0000028EED013E0FEF7B9FE054608E0FEF740
:1033E000B5FE401B41F28831884201D9032047E6EF
:1033F000254868300068C0F340000028EFD1012F55
:1034000007D121483830006820F080501E493831FB
:10341000086000BFA069002851D01B48006800F078
:103420000C00082861D0A069022849D10020174962
:103430000866FEF78BFE054606E0FEF787FE401B9A
:10344000022801D903201BE60F4808380068C0F3A2
:1034500040600028F1D1D4E907010843616A40EADD
:1034600081110122A06AC2EB500041EA00412C20E8
:10347000005D41EA00613020005D41EA00700249D0
:10348000091F0860012007E0083802400000474299
:10349000800E4742007000402F490866FEF756FE36
:1034A000054606E0FEF752FE401B022801D9032024
:1034B000E6E52A480068C0F340600028F2D048E002
:1034C000002025490866FEF741FE054606E0FEF7A6
:1034D0003DFE401B022801D90320D1E51F480068AA
:1034E000C0F340600028F2D133E0A069012800D188
:1034F000C6E51A48001D0668A069012827D006F411
:103500008001E069814222D106F03F01206A8142B8
:103510001DD147F6C0703040616AB0EB811F16D1F3
:1035200006F440310122A06AC2EB5000B1EB004F1B
:103530000DD106F070612C20005DB1EB006F06D15B
:1035400006F0E0413020005DB1EB007F01D00120AA
:1035500096E5002094E50000000047420038024054
:1035600070B504462546681EB0F1807F01D3012066
:103570000FE0681E4FF0E02148610F214FF0FF304F
:1035800004F074FA00204FF0E02188610720086100
:10359000002070BD7047704730B502460B4600BF33
:1035A00092F83C00012801D1022030BD012082F8B0
:1035B0003C0000BF022082F83D001068446810689B
:1035C000816824F070041868044310684460184D42
:1035D0001068A8421BD01068B0F1804F17D0154D6D
:1035E0001068A84213D0144D1068A8420FD0134D94
:1035F0001068A8420BD0124D1068A84207D0114D98
:103600001068A84203D0104D1068A84205D121F0DF
:1036100080015868014310688160012082F83D00F4
:1036200000BF002082F83C0000BF00BFBDE70000E3
:10363000000001400004004000080040000C004071
:1036400000040140004001400018004010B504464D
:103650000CB9012010BD94F83D0028B9002084F871
:103660003C00204600F026F8022084F83D00211D91
:10367000206803F035FD012084F8460000BF84F87F
:103680003E0001213F2001554020015541200155B8
:1036900000BF00BF012084F84200432001554420B0
:1036A00001554520015500BF012084F83D00002050
:1036B000D0E7000038B504461849206888420FD189
:1036C00000BF002000901648006840F00200144936
:1036D00008600846006800F00200009000BF1BE090
:1036E00010492068884217D100BF002000900C4884
:1036F000006840F010000A4908600846006800F0C1
:103700001000009000BF00BF002205213620FFF707
:10371000A7FA3620FFF790FA38BD000000040040F9
:103720004038024000100040014691F83D00012859
:1037300001D001207047022081F83D000868C06870
:1037400040F001000B68D8601A4B086898421BD003
:103750000868B0F1804F17D0174B0868984213D013
:10376000164B086898420FD0154B086898420BD04A
:10377000144B0868984207D0134B0868984203D04E
:10378000124B086898420CD10868806800F0070264
:10379000062A0CD00868006840F001000B68186029
:1037A00005E00868006840F001000B681860002020
:1037B000C0E7000000000140000400400008004095
:1037C000000C00400004014000400140001800408F
:1037D0002DE9F04104460D46002700BF94F83C0057
:1037E000012802D10220BDE8F081012084F83C00CC
:1037F00000BF022084F83D002068866826F0770626
:1038000026F47F46206886602868502833D00CDC78
:10381000202850D004DC00284BD0102851D149E09A
:10382000302849D040284CD139E060282DD070286C
:1038300007D0B0F5805F03D0B0F5005F41D10DE057
:1038400041E0D5E902136A68206803F0CAFC2068E9
:10385000866846F077062068866034E0D5E9021372
:103860006A68206803F0BDFC2068806840F48040EE
:103870002168886027E0EA686968206803F0A2FD93
:103880005021206803F0B8FC1DE0EA6869682068F0
:1038900003F0ABFD6021206803F0AEFC13E0EA68A2
:1038A0006968206803F08EFD4021206803F0A4FCC5
:1038B00009E000BF00BF00BF2968206803F09CFC3E
:1038C00001E0012700BF00BF012084F83D0000BFD8
:1038D000002084F83C0000BF384684E72DE9F04121
:1038E00004460D4614B90120BDE8F08194F83D006E
:1038F00028B9002084F83C00204600F053F802204C
:1039000084F83D002068806844F2070188432168FC
:103910008860211D206803F0E3FB2068D0F8088050
:10392000206886692068076A286840EA080840F22B
:1039300003308643A969A86840EA0120064340F69F
:103940000C4086434FF2F0008643E969E86840EA9C
:103950000120064328690001296A40EA0130064334
:1039600027F0220727F088076969686840EA011094
:1039700007432068C0F808802068866120680762D5
:10398000012084F8460084F83E0001213F200155C3
:10399000012084F8420043200155012084F83D00B5
:1039A0000020A1E710B586B00446142101A8FCF759
:1039B000BBFE3449206888422FD100BF0020009010
:1039C0003148006840F004002F490860084600684C
:1039D00000F00400009000BF00BF00BF0020009076
:1039E00029481038006840F0020027491039086063
:1039F0000846006800F00200009000BF00BFC02031
:103A00000190022002900020039004900220059073
:103A100001A91E48FEF7A8FA32E01D492068884235
:103A20002ED100BF002000901748006840F0080029
:103A3000154908600846006800F00800009000BFC3
:103A400000BF00BF002000900F481038006840F011
:103A500001000D49103908600846006800F00100B7
:103A6000009000BF00BF03200190022002900020C0
:103A7000039004900220059001A90648FEF774FA0D
:103A800006B010BD0008004040380240000402406B
:103A9000000C0040000002402DE9F04304460D46B2
:103AA00094F83E603F20075D94F84280432010F870
:103AB00004906DB9012E02D1B8F1010F02D001209E
:103AC000BDE8F083022084F83E0084F8420025E03F
:103AD000042D0CD1012F02D1B9F1010F01D0012029
:103AE000EEE702213F2001554320015516E0012E4B
:103AF00007D1012F05D1B8F1010F02D1B9F1010FA2
:103B000001D00120DCE7022084F83E0002213F20A2
:103B10000155022084F842004320015515B1042DBF
:103B20000CD105E001220021206803F049FB10E0E0
:103B300001220421206803F043FB0AE00122002156
:103B4000206803F03DFB01220421206803F038FBCC
:103B500000BF00BF2068006840F0010021680860D5
:103B60000020ADE7704770B504462068C56820683E
:103B7000066906F00200022819D105F002000228A9
:103B800015D1401F216808610120207720688069D5
:103B900000F0030018B12046FFF7E4FF05E02046DF
:103BA00000F0E6F8204600F09AF90020207706F0B1
:103BB0000400042819D105F00400042815D1C043DD
:103BC00021680861022020772068806900F4407035
:103BD00018B12046FFF7C6FF05E0204600F0C8F800
:103BE000204600F07CF90020207706F00800082825
:103BF00019D105F00800082815D1C04321680861D3
:103C0000042020772068C06900F0030018B1204626
:103C1000FFF7A8FF05E0204600F0AAF8204600F0D4
:103C20005EF90020207706F01000102819D105F069
:103C30001000102815D1C0432168086108202077A2
:103C40002068C06900F4407018B12046FFF78AFF71
:103C500005E0204600F08CF8204600F040F90020F6
:103C6000207706F0010048B105F0010030B16FF097
:103C7000010021680861204600F0B8F906F08000D4
:103C8000802809D105F08000802805D1C043216833
:103C900008612046FFF77EFC06F04000402809D16D
:103CA00005F04000402805D1C04321680861204646
:103CB00000F0E0F906F02000202809D105F02000EE
:103CC000202805D1C043216808612046FFF763FC26
:103CD00070BD000010B586B00446142101A8FCF7A1
:103CE00023FD1F492068884238D100BF0020009082
:103CF0001C48006840F001001A4908600846006846
:103D000000F00100009000BF00BF00BF0020009045
:103D10000846006840F0020008600846006800F0AD
:103D20000200009000BF00BFC0200190022002905E
:103D30000020039004900220059001A90A48FEF794
:103D400013F90320019002200290002003900490B8
:103D50000220059001A90548FEF706F906B010BD3E
:103D600000040040303802400000024000040240DD
:103D700070472DE9F04104460D461646002700BF66
:103D800094F83C00012802D10220BDE8F081012016
:103D900084F83C0000BF36B1042E1BD0082E31D071
:103DA0000C2E5ED145E02946206803F02FFA2068EA
:103DB000806940F00800216888612068806920F0EF
:103DC00004002168886120688069296908432168A6
:103DD000886148E02946206803F050FA206880692D
:103DE00040F40060216888612068806920F4806068
:103DF0002168886120688069296940EA012021687A
:103E0000886130E02946206803F076FA2068C069AE
:103E100040F008002168C8612068C06920F00400F3
:103E20002168C8612068C069296908432168C861A0
:103E300019E02946206803F09BFA2068C06940F425
:103E400000602168C8612068C06920F48060216832
:103E5000C8612068C069296940EA01202168C861F9
:103E600001E0012700BF00BF00BF002084F83C0034
:103E700000BF384689E710B504460CB9012010BDD3
:103E800094F83D0028B9002084F83C00204600F05A
:103E900025F8022084F83D00211D206803F020F958
:103EA000012084F8460000BF84F83E0001213F2035
:103EB0000155402001554120015500BF00BF0120A0
:103EC00084F8420043200155442001554520015506
:103ED00000BF012084F83D000020D0E77047704704
:103EE00070B504460D4615B994F83E000BE0042D5C
:103EF00002D13F20005D06E0082D02D14020005D88
:103F000001E04120005D012801D0012070BD1DB9F4
:103F1000022084F83E000EE0042D03D102213F2050
:103F2000015508E0082D03D102214020015502E08F
:103F300002214120015501222946206803F040F961
:103F400023492068884203D022492068884201D151
:103F5000012000E0002028B12068406C40F40040BF
:103F6000216848641A49206888421BD02068B0F153
:103F7000804F17D018492068884213D0174920680D
:103F800088420FD01649206888420BD0114920681A
:103F9000884207D013492068884203D0124920681C
:103FA00088420CD12068806800F00706062E0CD0ED
:103FB0002068006840F001002168086005E0206882
:103FC000006840F001002168086000209EE70000C2
:103FD00000000140000401400004004000080040CF
:103FE000000C004000400140001800402DE9F04165
:103FF000044617492068884228D116480078401C9A
:104000001449087005F00CFF054613480068406A23
:104010001249086012480068406A86B21148008858
:10402000301A07B21048006838440F49086030B2AF
:104030000C4908800D480068854204D20C4800688D
:10404000401C0B4908600948056000BFBDE8F081CD
:104050000010004003000020D003002008000020D2
:1040600088030020100000200C0000208C0100209C
:104070008801002070477047704700002DE9F84F15
:104080000446206805682068C668206847694FF0C4
:104090000009CA4605F00F09B9F1000F0AD105F071
:1040A000200038B106F0200020B1204603F06EFA5F
:1040B000BDE8F88FB9F1000F7CD007F0010018B906
:1040C00006F49070002875D005F0010030B106F4B8
:1040D000807018B1606C40F00100606405F004006D
:1040E00030B107F0010018B1606C40F0020060646C
:1040F00005F0020030B107F0010018B1606C40F02B
:104100000400606405F0080048B106F0200010B912
:1041100007F0010018B1606C40F008006064606C4A
:10412000002846D005F0200028B106F0200010B18C
:10413000204603F02BFA20684069C0F3801A606CB7
:1041400000F0080010B9BAF1000F2DD0204603F09E
:10415000C4F92068406900F04000402820D100BF29
:1041600000BF2168143151E8001F21F04000216890
:10417000143141E80002002AF3D100BFE06B50B1D6
:104180007F48E16B0865E06BFDF7E0FC88B1E06B10
:10419000016D88470DE02046FFF76EFF09E009E05A
:1041A0002046FFF769FF04E02046FFF765FF002087
:1041B00060647DE7206B012878D105F010000028AD
:1041C00074D006F010000028FAD000BF0020009044
:1041D00020680068009020684068009000BF00BF21
:1041E0002068406900F04000402870D1E06B006812
:1041F00040681FFA80F8B8F1000F58D0A08D4045F4
:1042000055DDA4F82E80E06BC069B0F5807F43D007
:1042100000BF00BF21680C3151E8001F21F48070FD
:1042200021680C3141E80002002AF3D100BF00BF31
:1042300000BF2168143151E8001F21F001002168FE
:10424000143141E80002002AF3D100BF00BF00BFD3
:104250002168143151E8001F21F040002168143119
:1042600041E80002002AF3D100BF202084F8420078
:104270000020206300BF00BF21680C3151E8001FFF
:1042800021F0100021680C3141E80002002AF3D12E
:1042900000BFE06BFDF704FC02206063A08DE28D9F
:1042A000801A81B22046FFF7E6FE0EE052E0A08DB4
:1042B00040450AD1E06BC069B0F5807F05D102208E
:1042C0006063A18D2046FFF7D6FEF1E6FFE7A08DE3
:1042D000E18D401A1FFA80F8E08DD0B3B8F1000FDD
:1042E00037D000BF00BF21680C3151E8001F21F416
:1042F000907021680C3141E80002002AF3D100BF20
:1043000000BF00BF2168143151E8001F21F00100F7
:104310002168143141E80002002AF3D100BF2020B7
:1043200084F842000020206300BF00BF21680C31E8
:1043300051E8001F21F0100021680C3141E8000213
:10434000002AF3D100BF0220606341462046FFF7F8
:1043500092FEADE605F0800030B106F0800018B1A5
:10436000204603F0C7FAA3E605F0400030B106F09E
:10437000400018B1204603F0E6F899E600BF97E642
:104380001374000810B504460CB9012010BDA069D3
:1043900000B100E000BF94F8410028B9002084F883
:1043A0004000204600F02AF8242084F841002068CC
:1043B000C06820F400502168C860204603F064F90A
:1043C0002068006920F490402168086120684069F5
:1043D00020F02A00216848612068C06840F400503D
:1043E0002168C86000206064202084F8410084F8BF
:1043F00042000020606300BFC8E7000010B586B02F
:104400000446142101A8FCF78FF94F49206888421F
:104410005AD100BF002000904C48006840F4802032
:104420004A4908600846006800F48020009000BFF8
:1044300000BF00BF0020009044481038006840F0E2
:1044400004004249103908600846006800F0040082
:10445000009000BF00BF4FF4406001900220029026
:1044600000200390032004900720059001A93848FC
:10447000FDF77AFD3748384908604FF00060486022
:104480004021354881600021C1604FF480610161A5
:10449000002141618161C1614FF40031016200215D
:1044A0004162FDF78BFC08B1FDF728F900BF2A48EF
:1044B000A063846300BF002205212720FEF7D0FB04
:1044C0002720FEF7B9FB3DE024492068884239D116
:1044D00000BF002000901D48001D006840F0200033
:1044E0001A49091D08600846006800F02000009085
:1044F00000BF00BF00BF00200090144810380068C3
:1045000040F004001149103908600846006800F0C6
:104510000400009000BF00BFC02001900220029064
:1045200000200390032004900820059001A908486A
:10453000FDF71AFD002205214720FEF791FB4720D9
:10454000FEF77AFB06B010BD00480040403802403C
:104550000008024058600240F004002000140140AE
:1045600070B504460D46164694F8420020280BD13B
:1045700005B10EB9012070BD0020206332462946E6
:10458000204603F097F9F6E70220F4E710B5044659
:104590000E4920680968884208D10D48007802F069
:1045A00055FC01220A490948FFF7DAFF094920684A
:1045B0000968884208D108480078FCF705FC012208
:1045C00005490448FFF7CCFF10BD0000A8040020F7
:1045D0000000002060040020010000202DE9F84FB9
:1045E00004460E46174699464FF0000A94F84100DB
:1045F000202850D106B117B90120BDE8F88F00205E
:104600006064212084F84100FDF7A0FD8246A78464
:10461000E784A068B0F5805F04D1206910B9002557
:10462000B04602E035464FF000081EE05346002237
:1046300080212046CDF8009003F08CF920B1202095
:1046400084F841000320D8E745B9B8F80000C0F36A
:1046500008002168486008F1020803E02878216812
:1046600048606D1CE08C401EE084E08C0028DDD1A9
:104670005346002240212046CDF8009003F06AF90D
:1046800020B1202084F841000320B6E7202084F8E0
:1046900041000020B1E70220AFE70000F7B5044673
:1046A000154694F8410020283ED1019800B10DB97B
:1046B0000120FEBD01982062A584E584002060648D
:1046C000212084F841001948A16BC8631848A16BE8
:1046D00008641848A16BC8640020A16B086501AE8E
:1046E00023681A1D31682B46A06BFDF7DDFB30B146
:1046F00010206064202084F841000120D9E76FF089
:1047000040002168086000BF00BF2168143151E8F3
:10471000001F41F080002168143141E80002002AA6
:10472000F3D100BF0020C4E70220C2E7757400087F
:10473000CD74000825740008044A0168126891428B
:1047400002D10121024A117070470000600400206C
:1047500002000020704700BFFEE7000010B50248CD
:10476000FDF7FCFC10BD0000EC02002010B5024873
:10477000FDF75EFD10BD0000EC020020C16AB1F53E
:104780002A0F02D10121C16205E0C16AB1F12A4FAD
:1047900001D10821C1627047F8B50546002000909C
:1047A000AC6B94F83D60394800681921B0FBF1F01A
:1047B0004FF47A71B0FBF1F0C0EBC00000EB800069
:1047C000009000BF009820B9206C40F020002064C9
:1047D00009E00098401E00902068006800F4007016
:1047E000B0F5007FEED000BF606B10B10020616BB0
:1047F000C863A06B10B10020A16BC863206800687B
:1048000020F480602168086000206085606B10B132
:104810000020616B0865A06B10B10020A16B0865DA
:104820002068006820F001002168086094F83D00CD
:1048300060280AD1202084F83D00002084F83E0042
:1048400020642046FDF788FC1EE006F0280028289A
:1048500011D12068006840F00100216808602068DC
:10486000006840F4806021680860002020632820F0
:1048700084F83D0005E0202084F83D00002084F805
:104880003E002046FDF7C2FDF8BD00006C00002090
:1048900001684969C1F3C01111B1002102681161B9
:1048A000704700002DE9F041044694F83D6094F80B
:1048B0003E70102F01D0402F07D1222E05D1206845
:1048C000006820F400602168086006F028002828AD
:1048D00005D100202063282084F83D0010E02068E6
:1048E000406800F40060B0F5006F07D0602E05D07E
:1048F000202084F83D00002084F83E000020206342
:104900002068406800F40060B0F5006F40D1206876
:10491000406820F4006021684860606B90F83500C2
:10492000012814D04848616B0865606BFDF70EF9EB
:1049300000285BD02068006820F001002168086032
:10494000202084F83D00606B016D88474EE03E48B2
:10495000A16B0865A06BFDF7F9F8002846D0206828
:104960004069C0F3801030B120680069616A087046
:10497000606A401C60622068006820F001002168C5
:104980000860202084F83D00A06B016D88472DE071
:1049900094F83D0060281AD1202084F83D000020C2
:1049A000206420684069C0F3801030B1206800693D
:1049B000616A0870606A401C60622068006820F0CC
:1049C0000100216808602046FDF7C6FB0EE0206864
:1049D0004069C0F3801030B120680069616A0870D6
:1049E000606A401C60622046FDF710FD256C05F0F2
:1049F000010058B905F00200022807D005F00400B4
:104A0000042803D005F00800082805D12068406874
:104A100020F4E0602168486094F83D60206C00F06C
:104A2000040004280ED1282E0CD10848E062002092
:104A30002063202084F83D00002084F83E002046BA
:104A4000FDF7D8FDBDE8F081994700080000FFFFA1
:104A5000014608684069C0F38020B0B16FF48060FF
:104A60000A68506100200863202081F83D00002082
:104A700081F83E00086C40F00400086400BF00208C
:104A800081F83C0000BF012070470020FCE770B5B2
:104A90000446E56A608D042810D12068406820F43F
:104AA00080602168486020680069616A0870606AF7
:104AB000401C6062608D401E60857FE0608D032831
:104AC0001AD12068406820F4806021684860042D75
:104AD00007D0022D05D02068006820F4806021688E
:104AE000086020680069616A0870606A401C606242
:104AF000608D401E608561E0608D022854D1012DDB
:104B000001D0102D06D12068006820F48060216853
:104B1000086010E0042D01D0022D06D12068006845
:104B200040F480602168086005E02068006840F477
:104B300000702168086020680069616A0870606A16
:104B4000401C6062608D401E608520680069616A5B
:104B50000870606A401C6062608D401E608520683D
:104B6000406820F4407021684860202084F83D00AF
:104B700094F83E00402807D1002084F83E002063CE
:104B80002046FDF73BFD19E0002084F83E00082D8B
:104B900001D0202D02D10020206301E012202063EB
:104BA0002046FDF728FD09E020680069616A087069
:104BB000606A401C6062608D401E608570BD70B58B
:104BC000044694F83D0022287AD1E66A658D032DCB
:104BD00013D920680069616A0870606A401C6062CD
:104BE000608D401E6085608D032868D12068406814
:104BF00020F480602168486061E0E06A022858D0B3
:104C0000012D01D0002D54D1204600F037FFA0BB6C
:104C10002068006820F4806021680860206840688F
:104C200020F4E0602168486020680069616A0870CB
:104C3000606A401C6062608D401E6085202084F8A0
:104C40003D0094F83E00402807D1002084F83E0043
:104C500020632046FDF7D2FC31E0002084F83E00BE
:104C6000082E01D0202E02D10020206301E0122066
:104C700020632046FDF7BFFC21E0FFE72068406885
:104C800020F4E0602168486020680069616A08706B
:104C9000606A401C6062608D401E6085202084F840
:104CA0003D00002084F83E002046FDF7AFFB06E003
:104CB00006E02068406820F480602168486000BFFA
:104CC00070BD70B50446E56A94F83D00212847D1CF
:104CD000608D50B1606A007821680861606A401C8C
:104CE0006062608D401E60853AE0082D16D0202D50
:104CF00014D015F5803F11D02068406820F4E060A2
:104D00002168486011202063002084F83E002020A4
:104D100084F83D002046FDF76FFC21E020684068E4
:104D200020F4E060216848602068006840F400706A
:104D30002168086000202063202084F83D0094F85A
:104D40003E00402806D1002084F83E002046FDF7B2
:104D500061FC05E0002084F83E002046FDF74CFC95
:104D600070BD2DE9F041044694F83D5094F83E7032
:104D7000E66A208DB0BB212D3CD1082E16D0202E06
:104D800014D016F5803F11D02068406820F4E06010
:104D90002168486011202063002084F83E00202014
:104DA00084F83D002046FDF727FC44E02068406879
:104DB00020F4E060216848602068006840F40070DA
:104DC0002168086000202063202084F83D0094F8CA
:104DD0003E00402807D1002084F83E002046FDF721
:104DE00019FC28E006E0002084F83E002046FDF78C
:104DF00003FC20E0212D03D0402F1CD1222D1AD1FD
:104E0000608D30B92068406820F480602168486077
:104E100011E094F83E00402803D1204600F0A5F9A7
:104E200009E0606A007821680861606A401C60627D
:104E3000608D401E6085BDE8F081416CC9B202689A
:104E40001161416B11B1416BC96B21B9816B41B1EA
:104E5000816BC96B29B10168496841F4006102683E
:104E60005160704738B590F83E20C16A036B90F8E6
:104E70003D40222C73D1046D64B9402A0AD100BF91
:104E8000002400940468646900940468A469009490
:104E900000BF1AE1046DC4B90469B4F5404F14D1E0
:104EA00000BF002400940468646900940468A46945
:104EB000009400BF00BF0468246844F4807405684F
:104EC0002C60046D641C0465FFE0448D8CB900BF48
:104ED000002400940468646900940468A469009440
:104EE00000BF00BF0468246844F4007405682C60A7
:104EF000DDE0448D012C72D111F5803F30D1046882
:104F0000246824F4806405682C600468646804F4F0
:104F10000064B4F5006F10D10468246824F4806440
:104F200005682C6000BF0024009404686469009444
:104F30000468A469009400BFB9E000BF0024009495
:104F40000468646900940468A469009400BF00BF09
:104F50000468246844F4007405682C60A7E0A9E0A4
:104F6000082923D0202921D0122B01D101291DD1BC
:104F700004290AD0022908D0102906D00468246820
:104F800024F4806405682C6005E00468246844F417
:104F9000806405682C6000BF002400940468646984
:104FA00000940468A469009400BF80E00468246849
:104FB00024F4806405682C6000BF00240094046819
:104FC000646900940468A469009400BF00BF046889
:104FD000246844F4007405682C6068E0FFE7448DA1
:104FE000022C3BD1042910D002290ED010290CD05C
:104FF0000468246824F4806405682C6004682468CC
:1050000044F4006405682C6005E00468246844F4F6
:10501000806405682C600468646804F40064B4F576
:10502000006F10D111F5803F07D0012905D0082964
:1050300003D0102901D0202905D10468646844F404
:10504000805405686C6000BF0024009404686469A3
:1050500000940468A469009400BF28E004682468F0
:1050600044F4806405682C600468646804F4006497
:10507000B4F5006F10D111F5803F07D0012905D09C
:10508000082903D0102901D0202905D104686468BB
:1050900044F4805405686C6000BF002400940468E8
:1050A000646900940468A469009400BF00BF0024F0
:1050B00004650AE000BF0024009404686469009459
:1050C0000468A469009400BF00BF38BD90F83E108A
:1050D00040290ED1016D29B9416C01F0FE01026831
:1050E000116141E0416CC9B241F0010102681161F6
:1050F0003AE00169B1F5804F20D190F83D102129A7
:1051000005D1416C01F0FE010268116105E0416CBE
:10511000C9B241F0010102681161416B11B1416BEB
:10512000C96B21B9816BF9B1816BC96BE1B10168C0
:10513000496841F400610268516015E0016D41B9B0
:10514000416C01F44071F02242EAE1110268116100
:105150000AE0016D012907D1416C01F44071F1228F
:1051600042EAE11102681161704770B5044694F893
:105170003D50206D98B9E06C012807D1A06CC0B2F9
:1051800021680861206D801C206550E0A06CC0F390
:10519000072021680861206D401C206547E0206DD4
:1051A000012807D1A06CC0B221680861206D401CA5
:1051B00020653CE0206D022836D1222D09D12068DF
:1051C000006840F4807021680860206D401C2065F4
:1051D0002DE0608D60B1212D0AD1606A00782168D0
:1051E0000861606A401C6062608D401E60851EE040
:1051F000608DE0B9212D1AD12068406820F4E0606C
:10520000216848602068006840F4007021680860E8
:1052100000202063202084F83D00002084F83E0018
:105220002046FDF7F7F902E02046FFF731FB70BD9D
:105230002DE9F84304460F4615469946DDE90886F0
:105240002068006840F48060216808602068006879
:1052500040F4807021680860434600224FF001113D
:105260002046009600F0E9FA60B12068006800F47A
:105270008070B0F5807F02D14FF40070206403206D
:10528000BDE8F88307F0FE00216808613346424616
:105290003E49204600F030FB08B10120F0E700BF96
:1052A000002000902068406900902068806900908C
:1052B00000BF00BF32464146204600F007FC50B117
:1052C000206C042805D12068006840F40070216833
:1052D00008600120D4E7B9F1010F03D1E8B22168D9
:1052E000086117E0C5F3072021680861324641468E
:1052F000204600F0EBFB50B1206C042805D120685B
:10530000006840F40070216808600120B8E7E8B246
:105310002168086132464146204600F0D7FB50B173
:10532000206C042805D12068006840F400702168D2
:1053300008600120A4E72068006840F480702168BC
:105340000860434600224FF001112046009600F00D
:1053500074FA58B12068006800F48070B0F5807F5E
:1053600002D14FF400702064032089E7F8B240F0C6
:10537000010021680861334642460449204600F096
:10538000BBFA08B101207BE7002079E702000100A9
:105390002DE9F8430446884615469946DDE9086735
:1053A0002068006840F4807021680860334600225D
:1053B0004FF001112046009700F03FFA60B12068DD
:1053C000006800F48070B0F5807F02D14FF4007067
:1053D00020640320BDE8F88308F0FE00216808611E
:1053E0003B4632462149204600F086FA08B10120AA
:1053F000F0E700BF0020009020684069009020681E
:105400008069009000BF00BF3A463146204600F058
:105410005DFB50B1206C042805D12068006840F481
:105420000070216808600120D4E7B9F1010F03D1B1
:10543000E8B22168086117E0C5F307202168086118
:105440003A463146204600F041FB50B1206C04281A
:1054500005D12068006840F40070216808600120D0
:10546000B8E7E8B2216808610020B3E70200010054
:10547000418D49B101680969426A1170416A491C4C
:105480004162418D491E4185704770B5044694F8CC
:105490003D50608DD8B120680069616A0870606A0B
:1054A000401C6062608D401E6085608D78B92A2D39
:1054B0000DD12068406820F4806021684860222077
:1054C0002063282084F83D002046FDF739FB70BD9D
:1054D000418D49B1416A097802681161416A491CEC
:1054E0004162418D491E4185704770B5044694F86C
:1054F0003D50608DD8B1606A007821680861606AAB
:10550000401C6062608D401E6085608D78B9292DD9
:105510000DD12068406820F4806021684860212017
:105520002063282084F83D002046FDF70AFB70BD6B
:10553000F8B504460D46002794F83D0000F0280019
:1055400028281CD12068406820F4806021684860C9
:10555000C5F3800000B90127C5F3C01010B9A089B8
:1055600086B201E0208B86B200BF002084F83C00A8
:1055700000BF324639462046FCF7EFFD0FE000BF82
:1055800000200090206840690090206880690090A9
:1055900000BF00BF00BF002084F83C0000BFF8BD82
:1055A00070B5044694F83D50E66A082E01D0202ECE
:1055B0001FD1282D1DD12348E0622068406820F4C7
:1055C000E060216848606FF480602168486120686D
:1055D000006820F48060216808600020206320209B
:1055E00084F83D00002084F83E002046FDF702F8D4
:1055F00026E0212D20D11348E062212020632020C5
:1056000084F83D00002084F83E002068406820F4C3
:10561000E060216848606FF480602168486120681C
:10562000006820F48060216808602046FFF730F9A8
:105630002046FDF786FA03E06FF480602168486138
:1056400070BD00000000FFFF38B5044694F83D50DF
:105650002068406820F4E0602168486000BF0020B6
:1056600000902068406900902068006840F00100C8
:105670002168086000BF00BF2068006820F48060D7
:10568000216808602068406800F40060B0F5006F91
:1056900042D1222D01D02A2D1FD1A06B0068406875
:1056A0006085608D18B1206C40F004002064206893
:1056B000406820F4006021684860A06BFCF75AFA4B
:1056C000012829D04148A16B0865A06BFCF73EFA80
:1056D00010B3A06B016D88471EE0606B00684068E6
:1056E0006085608D18B1206C40F004002064206853
:1056F000406820F4006021684860606BFCF73AFA6B
:10570000012809D03148616B0865606BFCF71EFA0F
:1057100010B1606B016D8847608D18B320684069D7
:10572000C0F3800048B120680069616A0870606A4F
:10573000401C6062608D401E608520684069C0F337
:10574000801048B120680069616A0870606A401C76
:105750006062608D401E6085608D18B1206C40F0E5
:1057600004002064206C18B12046FFF79BF82BE062
:105770002A2D07D100202063282084F83D002046F0
:10578000FDF7DEF994F83D0028280DD11048E062BD
:1057900000202063202084F83D00002084F83E0093
:1057A0002046FCF727FF0FE0206B222801D0222D96
:1057B0000AD100202063202084F83D00002084F8D6
:1057C0003E002046FDF7BCF938BD000099470008AF
:1057D0000000FFFF70B504460D46164625E0204642
:1057E000FFF736F908B1012070BD681CE8B1FCF77D
:1057F000ADFC801BA84200D8BDB920684069C0F349
:10580000800090B900202063202084F83D00002013
:1058100084F83E00206C40F02000206400BF00208F
:1058200084F83C0000BF0120DEE720684069C0F337
:1058300080000028D3D00020D6E72DE9F0410446AF
:105840000D4617461E46DDF8188038E0701CA8B3D8
:10585000FCF77CFCA0EB0800B04200D876BBC5F397
:10586000074001280AD120684069A9B20840A9B2BE
:10587000884201D101200BE0002009E02068806906
:10588000A9B20840A9B2884201D1012000E000205D
:10589000B84214D100202063202084F83D0000206D
:1058A00084F83E00206C40F02000206400BF0020FF
:1058B00084F83C0000BF0120BDE8F081FFE7C5F39C
:1058C000074001280AD120684069A9B20840A9B25E
:1058D000884201D101200BE0002009E020688069A6
:1058E000A9B20840A9B2884201D1012000E00020FD
:1058F000B842ABD00020DFE72DE9F04104460D4669
:1059000016461F4658E020684069C0F38020E8B181
:105910002068006840F40070216808606FF48060BF
:105920002168486100202063202084F83D00002089
:1059300084F83E00206C40F00400206400BF00208A
:1059400084F83C0000BF0120BDE8F081701C90B3DA
:10595000FCF7FCFBC01BB04200D866BBC5F3074098
:1059600001280AD120684069A9B20840A9B288423A
:1059700001D101200BE0002009E020688069A9B274
:105980000840A9B2884201D1012000E0002090B96E
:1059900000202063202084F83D00002084F83E0091
:1059A000206C40F02000206400BF002084F83C0000
:1059B00000BF0120C8E7FFE7C5F3074001280AD16F
:1059C00020684069A9B20840A9B2884201D10120EB
:1059D0000BE0002009E020688069A9B20840A9B264
:1059E000884201D1012000E0002000288BD0002057
:1059F000AAE770B504460D46164637E020684069B0
:105A0000C0F30010A0B16FF01000216848610020C1
:105A10002063202084F83D00002084F83E00206CA4
:105A2000206400BF002084F83C0000BF012070BD4E
:105A3000FCF78CFB801BA84200D8BDB920684069E8
:105A4000C0F3801090B900202063202084F83D002E
:105A5000002084F83E00206C40F02000206400BF4D
:105A6000002084F83C0000BF0120E0E72068406986
:105A7000C0F380100028C1D00020D8E708B5014647
:105A800000200090104800681922B0FBF2F04FF49B
:105A90007A72B0FBF2F000EB8000009000BF00983B
:105AA000401E0090009828B9086C40F0200008645F
:105AB000012008BD0868006800F40070B0F5007FA0
:105AC000EDD00020F5E700006C00002070B5044622
:105AD0000D46164625E02046FEF7BAFF08B1012024
:105AE00070BD681CE8B1FCF731FB801BA84200D8F0
:105AF000BDB920684069C0F3C01090B90020206390
:105B0000202084F83D00002084F83E00206C40F006
:105B10002000206400BF002084F83C0000BF01206A
:105B2000DEE720684069C0F3C0100028D3D0002011
:105B3000D6E700002DE9F04F2DED048B81B004462F
:105B40000D46B0EE408AF0EE608A256005F1010B4B
:105B50004FEA8B00FAF72AFC0746681C0090009970
:105B60008800FAF723FC80463A464146F0EE680A80
:105B7000B0EE480A284602F055FF8146B9F1000F01
:105B80000CD04E464046FAF740FC3846FAF73DFC4A
:105B9000304601B0BDEC048BBDE8F08F681C82007C
:105BA000414604F10800FAF763FD681C820039469B
:105BB00004F16000FAF75CFD582104F1B800FAF72F
:105BC000B3FD502104F58870FAF7AEFD94ED181B73
:105BD000B0EE410AF0EE610A9FED2A1B53EC112B47
:105BE00051EC100B08F01EF944D094ED181BB0EEE8
:105BF000410AF0EE610A51EC100B07F0D5FE824627
:105C0000002634E0504608F0D5FC41EC190B04F1B5
:105C1000080000EBC60090ED001BB0EE410AF0EE6C
:105C2000610A53EC192B51EC100B07F0A3FF04F1A0
:105C3000080202EBC60203C2504608F0BBFC41EC6E
:105C4000190B04F1600000EBC60090ED001BB0EEF4
:105C5000410AF0EE610A53EC192B51EC100B07F0DE
:105C600089FF04F1600202EBC60203C2761CAE4259
:105C7000C8DD00BF4046FAF7C8FB3846FAF7C5FB57
:105C8000002086E7000000000000F03F70B52DED19
:105C9000088B0446F0EE408A266830460CE0411E30
:105CA00004F1B80202EBC10191ED000B114601EBCA
:105CB000C00181ED000B401E0028F0DC18EE900AB8
:105CC00008F078FCC4E92E0118EE900A08F072FC86
:105CD00041EC1A0B94ED021BB0EE410AF0EE610AA2
:105CE00053EC102B08F070F941EC190B07F05CFE37
:105CF00008EE100A012559E004F1B80000EBC500D8
:105D000090ED002BB0EE420AF0EE620A04F10800BA
:105D100000EBC50090ED002BB0EE421AF0EE621AD7
:105D200053EC102B51EC110B08F04EF941EC1A0B0F
:105D300018EE100A08F03EFC41EC1B0B53EC1A2B3A
:105D400007F064FE41EC190B07F02EFE08EE100A76
:105D5000681E04F5887101EBC00090ED002BB0EED9
:105D6000420AF0EE620A04F1600000EBC50090ED1B
:105D7000002BB0EE421AF0EE621A53EC102B51ECED
:105D8000110B08F021F941EC1A0B18EE100A08F07B
:105D900011FC41EC1B0B53EC1A2B08F021FB41ECDE
:105DA000190B07F001FE08EE100A6D1CB542A3DDC9
:105DB000701E0CE0411E04F5887202EBC10191EDEA
:105DC000000B114601EBC00181ED000B401E0028C5
:105DD000F0DC18EE100A08F0EDFB04F5887203C23F
:105DE000B0EE480ABDEC088B70BDB0EE402A30EE34
:105DF000C20A90ED023A30EE030AB6EE003A20EE07
:105E0000030AF0EE402A30EEC20A80ED020A90ED5D
:105E1000000A21EE223A03EE210A80ED000A90EDFD
:105E2000010AB5EEC00AF1EE10FA1ED090ED000A9C
:105E300090ED013AB4EEC30AF1EE10FA04DD90EDF4
:105E4000010A80ED000A10E090ED000A90ED013AA1
:105E5000B1EE433AB4EEC30AF1EE10FA05D290ED7A
:105E6000010AB1EE400A80ED000A90ED000A704789
:105E7000DFED050AC0ED020ADFED030AC0ED000AFE
:105E800080ED010A704700000000000010B50024FA
:105E90000A20FBF7FEFB80216B2000F08BFA6420C8
:105EA000FBF7F7FB00216B2000F084FA032000F0E1
:105EB000B9F8002000F0AEF8322000F0D8F8002148
:105EC000382000F077FA00216A2000F073FA0021F0
:105ED000232000F06FFA8021372000F06BFA752044
:105EE00000F00CFA0446702C0BD101216B2000F05D
:105EF00061FA00216C2000F05DFAC82000F0B7F8CC
:105F000001E0012010BD0020FCE7000030B10428B2
:105F100008D008280AD00C2810D10BE0094A1268D2
:105F200051630CE0074A1268916308E0054A126861
:105F3000D16304E0034A1268116400E000BF00BFAF
:105F4000704700004003002038B5684604F010FE9A
:105F500004460CB1012038BD782005F095FB0446BD
:105F60000CB10220F7E7782004F0E8FC04460CB1FD
:105F70000320F0E7C82005F039FB04460CB10420EB
:105F8000E9E703F09FFA04460CB10520E3E7174860
:105F900004F082F9054603F01DFD04460CB106200D
:105FA000D9E7F32003F036F904460CB10720D2E715
:105FB000C82003F011FC04460CB10820CBE700F028
:105FC000ACF904460CB10920C5E7012005F00AFA36
:105FD00004460CB10A20BEE7022003F0CDFC0446C3
:105FE0000CB10B20B7E70020B5E700009D000020B2
:105FF000FEB504460D4616461F4664206100012387
:106000002A46CDE9007602900148FCF70FFBFEBD61
:10601000EC02002010B50446E006010E1C2000F042
:10602000C9F910BD10B50446E006010E1B2000F0B2
:10603000C1F910BD70B504460025BC2C01DB01255B
:1060400010E0622C01DB02250CE02A2C01DB032589
:1060500008E0142C01DB042504E00A2C01DB0525F3
:1060600000E0062529461A2000F0A4F970BD70B59D
:106070000446B4F57A7F01DD4FF47A74042C00DA1B
:1060800004244FF47A7090FBF4F0401EC5B2294608
:10609000192000F08FF90546264604EBD671C1F3AE
:1060A0004F00FFF7C7FF70BDFEB504460D4616460C
:1060B0001F466420610001232A46CDE90076029044
:1060C0000148FCF737FCFEBDEC0200202DE9F0434F
:1060D0002DED0C8B89B004460D4616461F46DDF8A3
:1060E0007080B7EE000AF0EE409A9FED800AB0EEA5
:1060F000408A9FED7E0AF0EE408A9FED7C0AB0EE6A
:10610000409A4FF0000906A807A908AB02AACDE9FA
:1061100000102146284603F0E1F900F0FF09B9F12B
:10612000000F05D0012009B0BDEC0C8BBDE8F08359
:10613000BDF81C0000F4807000287CD09DED020AA0
:10614000B8EEC00ADFED6A0A80EE201AF0EE419A3E
:106150009DED030AB8EEC00ADFED650A80EE201A55
:10616000B0EE418A9DED040AB8EEC00ADFED600A88
:1061700080EE201AF0EE418A9DED050AB8EEC00AC5
:10618000DFED5B0A80EE201AB0EE419AB8EE000A0D
:1061900028EE000A20EE090AF0EE000A69EEA00AD5
:1061A00000EEA80A10EE101A084608F003FA41ECB7
:1061B0001C0BB0EE4C0AF0EE6C0A01F071FCB0EE74
:1061C00040BAF0EE60BA9FED4B0B53EC102B51EC44
:1061D0001B0B07F0F9FE41EC1A0B07F0E5FB3060F2
:1061E000B8EE000A28EE000A20EE080AF0EE000AD7
:1061F00068EEA00A00EEE80AF7EE000A30EE200A88
:1062000010EE101A084608F0D5F941EC1C0BB0EE60
:10621000000A28EE800A20EE090AF0EE000A69EE74
:10622000A00A00EE880A10EE101A084608F0C2F91B
:1062300041EC1D0B00E055E0B0EE4C1AF0EE6C1A8C
:10624000B0EE4D0AF0EE6D0A01F046FFB0EE40BA36
:10625000F0EE60BA9FED270B53EC102B51EC1B0BAB
:1062600007F0B2FE41EC1A0B07F09EFB386029EEF6
:10627000A90A08EE080A08EEE80A09EE490A10EE33
:10628000101A084608F096F941EC1C0B28EE280A73
:1062900009EE890AF0EE000A20EE200A10EE101A2C
:1062A000084608F087F941EC1D0BB0EE4C1AF0EEF1
:1062B0006C1AB0EE4D0AF0EE6D0A01F00DFFB0EE73
:1062C00040BAF0EE60BA9FED0B0B53EC102B51EC83
:1062D0001B0B07F079FE41EC1A0B07F065FBC8F8C1
:1062E000000001E002201EE700201CE70000000083
:1062F0000000804E6666666666A64C4038B5044669
:106300006B46012221466820FFF772FE054615B94B
:106310009DF8000038BD2846FCE710B588B002A9FA
:1063200005A804F021FF0446072C41D101A804F080
:10633000B7FB9DED050AB8EEC00ADDED010A20EEBF
:10634000200ABDEEC00A8DED050A9DED060AB8EEE5
:10635000C00ADDED010A20EE200ABDEEC00A8DED77
:10636000060A9DED070AB8EEC00ADDED010A20EE2F
:10637000200ABDEEC00A8DED070A05A803F064FAF5
:10638000684604F039FBBDF80010029848430290BB
:10639000BDF80010039848430390BDF8001004981E
:1063A0004843049002A803F07FF9002008B010BD14
:1063B0000120FBE713B5044601AB0122214668200A
:1063C000FFF772FE1CBD000088B0FFF75FFD1B49A0
:1063D0000870FFF7B9FD1949087000BF1848007828
:1063E00038B300201649087005A806AB07AA01A912
:1063F000009003A8FFF76AFE12490870084600786B
:10640000B8B9114803990160BDF810108180019955
:10641000C0F80610BDF8081041819DED070A80ED17
:10642000030A9DED060A80ED040A9DED050A80ED44
:10643000050A012005F0D0F9D0E700002C0000206B
:106440009C0000202D000020600500201FB50020CA
:1064500000900190029003901648174908604FF48D
:10646000803048600021144881600161012101767B
:10647000002180F82010C162104981620021C160B2
:106480000121C161002180F8301001214161FBF739
:1064900093FA08B1FBF732F9022000900120019035
:1064A0000220029069460448FBF7B4F908B1FBF7F3
:1064B00025F91FBD00200140A40200200100000FAB
:1064C00008B500BF002000900A48006840F40010A2
:1064D000084908600846006800F40010009000BFFA
:1064E00000BF002205210E20FCF7BAFB0E20FCF7AE
:1064F000A3FB08BD3038024010B5124A00211248F3
:1065000005F0C0F911490860114A0021114805F051
:10651000B9F911490860114A0021114805F0B2F992
:1065200010490860104A0021104805F0ABF91049E5
:106530000860104A0021104805F0A4F90F490860CE
:1065400010BD0000ACE60008D56F00081800002060
:10655000D0E60008C96300081C000020F4E600082B
:10656000051700082000002018E70008D50C0008D7
:10657000240000203CE70008B96D00082800002036
:1065800000B587B0142102A8FAF7CEF800BF0020AA
:1065900001902748006840F08000254908600846BF
:1065A000006800F08000019000BF00BF00BF002025
:1065B00001900846006840F0040008600846006842
:1065C00000F00400019000BF00BF00BF0020019058
:1065D0000846006840F0010008600846006800F0C6
:1065E0000100019000BF00BF00BF002001900846DD
:1065F000006840F0020008600846006800F00200F1
:10660000019000BF00BF012002904FF404100390DE
:106610000120049002A90748FBF7A6FC00220521EF
:106620000620FCF71DFB0620FCF706FB07B000BDAB
:10663000303802400008024010B50B480B49086092
:106640000B484860002109488160C1604FF48041D7
:106650000161002141618161C1610162FBF7E2FEDC
:1066600008B1FBF74BF810BD00540040EC020020CD
:10667000801A060000B58DB0002009900A900B909A
:106680000C90079008901C216846FAF74DF82C48AA
:106690002C4908605920486000212A48816040F256
:1066A000E731C1600021016180218161FCF7CEFFEB
:1066B00008B1FBF723F84FF48050099009A921484D
:1066C000FDF786F808B1FBF719F81E48FDF7D3FB74
:1066D00008B1FBF713F800200790089007A91948A4
:1066E000FCF75AFF08B1FBF709F860200090002082
:1066F000019002900490002269461248FDF739FB90
:1067000008B1FAF7FBFF042269460E48FDF731FB9A
:1067100008B1FAF7F3FF082269460A48FDF729FB9A
:1067200008B1FAF7EBFF0C2269460648FDF721FB9A
:1067300008B1FAF7E3FF0348FDF7CCFA0DB000BD4E
:10674000000400404003002000B58BB0242102A8C3
:10675000F9F7EAFF002000900190184818490860F6
:10676000002048600021164881604FF6FF71C1602B
:1067700000210161802181610320029000200390AB
:1067800001200490002005900690079001200890B9
:10679000002009900A9002A90948FDF79FF808B166
:1067A000FAF7ACFF00200090019069460448FCF71E
:1067B000F3FE08B1FAF7A2FF0BB000BD00080040DD
:1067C0008803002000B58BB0242102A8F9F7ACFFA4
:1067D0000020009001901848184908600020486087
:1067E000002116488160491EC1600021016180219D
:1067F000816103200290002003900120049000207A
:1068000005900690079001200890002009900A90BA
:1068100002A90A48FDF762F808B1FAF76FFF0020F5
:106820000090019069460548FCF7B6FE08B1FAF7FA
:1068300065FF0BB000BD0000000C0040D00300203D
:106840001CB50020009001900E480F4908605920A7
:10685000486000210C48816040F2E731C16080212E
:106860008161FCF7F3FE08B1FAF748FF00200090C1
:10687000019069460448FCF78FFE08B1FAF73EFF25
:106880001CBD0000001000401804002010B50B488B
:106890000B4908604FF4612048600021084881607E
:1068A000C16001610C21416100218161C161FDF77D
:1068B00069FD08B1FAF722FF10BD00000048004052
:1068C0006004002010B50B480B4908604FF4E1202C
:1068D0004860002108488160C16001610C2141616C
:1068E00000218161C161FDF74DFD08B1FAF706FF96
:1068F00010BD000000140140A804002000BFFEE706
:1069000070B504460E4615460020206060609FED7D
:10691000050A84ED040AFAF75BFE84ED060B666255
:10692000A56270BD0000000000BFFEE770B52DED50
:10693000088B0446B0EE408AF0EE608AB0EE419AD1
:10694000F0EE619A0D46B0EE42AAF0EE62AAB0EE09
:1069500043BAF0EE63BA84ED008AC4ED018A84ED97
:10696000029A9FED130B84ED040BC4ED069A9FED84
:10697000120A84ED070A84ED08AA9FED0F0A84ED40
:10698000090A9FED0D0A84ED0A0AB0EE6A0A04F1C5
:106990002C00FFF76DFAF0EE6B0AB0EE4B0A2946B9
:1069A00004F13800FAF7CEFEBDEC088B70BD000094
:1069B00000000000000000000000000010B52DEDF8
:1069C0000A8B0446F0EE408AB0EE608A84ED098AB4
:1069D000C4ED0A8AFAF7FCFDB0EE40AAF0EE60AA18
:1069E00094ED041BB0EE410AF0EE610A53EC102B5B
:1069F00051EC1A0B07F0F4FC41EC1C0B9FED530B10
:106A000053EC102B07F0B6F841EC1B0B06F0CCFF53
:106A100009EE100A9FED4F0AB4EEC09AF1EE10FA9B
:106A20000ED394ED041BB0EE410AF0EE610A9FED27
:106A30004A1B53EC112B51EC100B07F0F3F903D167
:106A40009FED440AB0EE409A84ED04AB38EE680A3C
:106A5000B0EEC00AD4ED060AB4EEE00AF1EE10FA88
:106A600020D29FED3F0A84ED070A94ED010AB0EEB3
:106A7000401AF0EE491AF0EE480AB0EE480A04F166
:106A80002C00FFF7B2F994ED020AB0EE401AF0EED6
:106A9000491AF0EE480AB0EE480A04F13800FAF755
:106AA00083FE27E094ED010AB0EE401AF0EE491A99
:106AB000F0EE480AB0EE680A04F12C00FFF795F9F1
:106AC000D4ED000A38EE681AF0EE409A40EE819A52
:106AD00094ED020AB0EE401AF0EE491AF0EE480AC0
:106AE000B0EE680A04F13800FAF75EFE39EE800A6B
:106AF00084ED070A94ED080AB5EEC00AF1EE10FA2B
:106B00001ED094ED070AD4ED080AB4EEE00AF1EEC7
:106B100010FA04DD94ED080A84ED070A10E094ED04
:106B2000070AD4ED080AF1EE600AB4EEE00AF1EECD
:106B300010FA05D294ED080AB1EE400A84ED070A76
:106B400094ED070ABDEC0A8B10BD000000000000A8
:106B500080842E416F12833A000000000000000084
:106B60000000000010B50848406920B10649486996
:106B70006421F9F7B7FD00200349087048600872E6
:106B800048724874087610BD7805002010B54FF0A3
:106B9000FF3000F04BF91C210E48F9F7C5FD00202D
:106BA0000C4908704860087248724874087664207E
:106BB000F9F7FCFB074948610846406910B94FF0F6
:106BC000FF3010BD034948696421F9F78BFD0020AF
:106BD000F7E700007805002010B586B004462B4981
:106BE00003C9CDE904019DF8100000F001008DF803
:106BF00000009DF800009DF81010C1F3400188428C
:106C000004D09DF8110000F0010018B100208DF8AB
:106C1000010004E09DF8100080088DF801009DF847
:106C2000110040109DF8121040EAC110ADF80200AA
:106C30009DF813009DF8141040EA0120ADF80400FF
:106C4000BDF8020000EE100AB8EE400ADFED100AAF
:106C500080EE201A8DED021ABDF8040000EE100A35
:106C6000B8EE400AF1EE000A80EE201A8DED031A0C
:106C70009DE80F0000F01AF80020064908709DE812
:106C80000F0084E80F0006B010BD0000940500203E
:106C900000008042A600002010B50446002020809D
:106CA00040F6B831A01CF9F71DFD10BD1FB5BDF8A9
:106CB00002003C490988884205DB3B480088394985
:106CC000098888421FDB374800883749098888428D
:106CD00009DD35480088B0F5A04F04DDBDF802009D
:106CE000B0F5206F0FDBBDF802002E4909888842FD
:106CF0001ADB2D480088B0F5A04F15DDBDF8020065
:106D0000B0F5206F10DA40F6BA3228492848F9F772
:106D10006AFC2648FFF7C0FFBDF802002149088041
:106D2000BDF802002049088021480088B0F5FA7FAC
:106D300004DC1F480088B0F5AF7F02DA00201D494F
:106D400008701A480088B0F5167F20DA9DF8011007
:106D50001648008800EB80021448801C8154BDF85E
:106D6000020040F400411148008800EB80020F4807
:106D7000801C1044A0F80110BDF804100B480088D6
:106D800000EB80020948801C1044A0F80310BDF8F5
:106D900002000549088005480088401C0349088016
:106DA0001FBD0000AA000020A8000020F805002058
:106DB000B2110020AC0000201FB5FFF7E7FE012252
:106DC0000E490F48FDF7CCFB4FF47A7004F004FD38
:106DD0004FF0FF3000F01AF800BF0A48007848B1C1
:106DE0000020084908706846FFF7F6FE06489DE84F
:106DF0001E001EC0012004F0EFFCEEE700000020A2
:106E0000A8040020A60000209402002038B5044603
:106E100004A0006800902346022269460248FDF75C
:106E2000DDFB38BDA5200000A804002038B50446CD
:106E300004A0006800902346022269460248FDF73C
:106E4000CDFB38BDA5250000A804002010B50446E0
:106E50005D48007830B1012816D0022826D00328DA
:106E60006FD17EE0A52C0CD101205749087008464F
:106E7000417C0A3044540A38407C401C52494874D2
:106E800001E0FFF76FFE9DE05A2C0CD102204E4925
:106E900008700846417C0A3044540A38407C401C43
:106EA0004949487401E0FFF75DFE8BE04648417CAC
:106EB0000A3044540A38407C401C43494874084610
:106EC000407C07284CD10A7B497B42EA01223E499B
:106ED000897B42EA01423C49C97B42EA016121F0D7
:106EE0004041394A51601146C97B880908B10128DF
:106EF00001D1014600E00221334A51720321117091
:106F00001146097C202921D006DC042911D006294C
:106F100013D015291ED115E0812902D0852919D158
:106F200003E00121284A117218E00221264A117259
:106F300014E00321244A117210E00421224A117244
:106F40000CE03CE00521204A117207E006211E4AB0
:106F5000117203E007211C4A117200BF00BF00BF7D
:106F600030E01948007E18494968884226D2164800
:106F700040691549097E44541348007E401C12495B
:106F800008760846007E4968884217D10E48426854
:106F900041690E48F9F727FB0B48407A012802D0D7
:106FA000FFF7E0FD07E0084948696421F9F79AFB1B
:106FB00000200549087601200549087002E0FFF726
:106FC000D1FD00BF00BF10BD780500209405002052
:106FD000A60000200348FCF7A7FB00BF012004F037
:106FE000FBFBFBE71804002010B5FBF7ABFD06F038
:106FF00079FA012801D005F0C3FE10BD00B593B0A9
:10700000342106A8F9F790FB142101A8F9F78CFBAD
:1070100000BF002000902748006840F080502549BC
:1070200008600846006800F08050009000BF00BF74
:1070300000BF002000902048006840F440401E49F6
:1070400008600846006800F44040009000BF00BFA0
:10705000022006900120099010200A9002200C9036
:1070600000210D9108210E91B4210F910221109160
:107070001191129106A8FBF7FFFF08B1FAF73EFB4A
:10708000FBF740FE08B1FAF739FB0F200190022010
:107090000290002003904FF4A05004904FF48050D1
:1070A0000590052101A8FBF773FE08B1FAF726FB4E
:1070B00013B000BD40380240007000400348006833
:1070C00040F47000014908607047000088ED00E05E
:1070D00010B50248FCF747FD10BD00001804002061
:1070E00010B502682B4B98420ED0B0F1804F0BD0F8
:1070F000294B984208D0294B984205D0284B9842FA
:1071000002D0284B984203D122F070024B681A43F8
:10711000204B984220D0B0F1804F1DD01E4B98429A
:107120001AD01E4B984217D01D4B984214D01D4BBD
:10713000984211D01C4B98420ED01C4B98420BD059
:107140001B4B984208D01B4B984205D01A4B9842D3
:1071500002D01A4B984203D122F44072CB681A43F2
:1071600022F080034C6943EA04028B68C3620B6817
:107170008362084B984202D00A4B984201D10B69B6
:107180000363036843F00403036001234361026067
:1071900010BD000000000140000400400008004055
:1071A000000C004000040140004001400044014048
:1071B0000048014000180040001C00400020004032
:1071C00030B501F01F05012404FA05F3046A9C435D
:1071D0000462046A01F01F0502FA05F52C430462FB
:1071E00030BD30B50C46816821F47F4142EA032569
:1071F00025432943816030BD0A46816821F0700132
:1072000042F00703194381607047000030B5026AFD
:10721000056A25F0010505624368846924F070045D
:1072200024F003040D682C4322F002028D682A43E7
:10723000104DA84200D103E00F4DA84206D100BF77
:1072400022F00802CD682A4322F00402094DA84228
:1072500002D0094DA84207D123F4807323F40073B0
:107260004D692B438D692B43436084614D684563B1
:10727000026230BD000001400004014030B5026AE6
:10728000056A25F0100505624368846924F4E0442A
:1072900024F440740D6844EA052422F020028D682D
:1072A00042EA0512124DA84200D103E0114DA84256
:1072B00007D100BF22F08002CD6842EA051222F019
:1072C00040020B4DA84202D00A4DA84209D123F436
:1072D000806323F400634D6943EA85038D6943EAC3
:1072E0008503436084614D688563026230BD0000A0
:1072F000000001400004014030B5026A056A25F42F
:10730000807505624368C46924F0700424F00304A6
:107310000D682C4322F400728D6842EA0522124D5A
:10732000A84200D103E0114DA84207D100BF22F4CA
:107330000062CD6842EA052222F480620A4DA8422A
:1073400002D00A4DA84209D123F4805323F40053FC
:107350004D6943EA05138D6943EA05134360C4612F
:107360004D68C563026230BD000001400004014069
:1073700030B5036A056A25F4805505624468C26920
:1073800022F4E04222F440720D6842EA052223F41E
:1073900000538D6843EA0533084DA84202D0084DDA
:1073A000A84204D124F480444D6944EA8514446021
:1073B000C2614D680564036230BD000000000140F9
:1073C0000004014030B50B461446026A056A25F0F8
:1073D00001050562816921F0F00141EA041122F002
:1073E0000A021A438161026230BD30B50B46144671
:1073F000026A056A25F010050562816921F4704171
:1074000041EA043122F0A00242EA031281610262E1
:1074100030BD70B50446A56B0020E8852846FCF712
:107420002BFE70BD70B506460025B46B2068406920
:10743000C0F3C01594F84100212805D125B10020E2
:10744000E084204600F08FF820684069C0F3801582
:1074500094F84200222805D125B10020E08520467D
:1074600000F03BF8606C40F0100060642046FCF7D0
:1074700003FE70BD70B50546AC6B2868006800F46B
:107480008070F8B90020E08400BF00BF216814318B
:1074900051E8001F21F080002168143141E800020A
:1074A000002AF3D100BF00BF00BF21680C3151E8B2
:1074B000001F41F0400021680C3141E80002002A21
:1074C000F3D102E02046FDF737F970BD70B50446F0
:1074D000A56B2846FDF73EF970BD00BF00BF0268EE
:1074E0000C3252E8002F22F4907102680C3242E80C
:1074F0000013002BF3D100BF00BF00BF026814329D
:1075000052E8002F22F001010268143242E8001311
:10751000002BF3D100BF016B01290ED100BF00BFCA
:1075200002680C3252E8002F22F0100102680C327F
:1075300042E80013002BF3D100BF202180F8421055
:1075400000210163704710B504462068C06820F030
:1075500040002168C860202084F841002046FDF7E3
:10756000EBF8002010BD00BF00BF02680C3252E8EB
:10757000002F22F0C00102680C3242E80013002BF9
:10758000F3D100BF202180F841107047F8B50446C0
:107590000025002694F84200222873D1A068B0F597
:1075A000805F0BD1206948B9A66A20684068C0F3A3
:1075B00008003080A06A801CA06214E0A56AA06860
:1075C000B0F5805F03D0A06828B9206918B9206899
:1075D0004068287004E02068406800F07F00287050
:1075E000A06A401CA062E08D401E80B2E0850028A9
:1075F00046D12068C06820F020002168C86020685B
:10760000C06820F480702168C8602068406920F05C
:10761000010021684861202084F842000020606356
:10762000206B012826D10020206300BF00BF216805
:107630000C3151E8001F21F0100021680C3141E8A5
:107640000002002AF3D100BF2068006800F010009B
:1076500010280AD100BF0020009020680068009028
:1076600020684068009000BF00BFA18D2046FCF755
:1076700002FD02E02046FCF789FF0020F8BD01E092
:107680000020FBE70220F9E72DE9F84F04462068C7
:10769000006920F44050E1680843216808612169CD
:1076A000A068084361690843E169084300902068C5
:1076B000C06849F20C618843009908432168C8609A
:1076C0002068406920F44070A1690843216848613E
:1076D00076492068884203D075492068884203D1E2
:1076E000FBF72EFC814602E0FBF71AFC8146E069BD
:1076F000B0F5004F6CD102206168A0FB0150034639
:107700001920A9FB007001462A463846F8F7A4FE66
:107710006421B0FBF1F04FEA001A02206168A0FB7F
:1077200001510B461920A9FB00712A463846F8F78B
:1077300093FE834602206168A0FB01500346192096
:10774000A9FB00712A463846F8F786FE6421B0FB93
:10775000F1F000EBC00101EB0010ABEB8000322137
:1077600001EBC0006421B0FBF1F000F0F8000AEB7F
:10777000400A02206168A0FB015003461920A9FBC2
:10778000007001462A463846F8F766FE8346022016
:107790006168A0FB015003461920A9FB00712A462D
:1077A0003846F8F759FE6421B0FBF1F000EBC00158
:1077B00001EB0010ABEB8000322101EBC000642133
:1077C000B0FBF1F000F007005044216888606AE0E7
:1077D00004206168A0FB015003461920A9FB00703A
:1077E00001462A463846F8F737FE8246042061688B
:1077F000A0FB015003461920A9FB007001462A4650
:107800003846F8F729FE6421B0FBF1F000EBC00127
:1078100001EB0010AAEB8000322101EB0010642183
:10782000B0FBF1F000F0F00A04206168A0FB0170E9
:1078300003461920A9FB00513A462846F8F70CFEEA
:107840006421B0FBF1F00AEB001A04206168A0FB90
:1078500001510B461920A9FB00712A463846F8F75A
:10786000FBFD834604206168A0FB015003461920FC
:10787000A9FB007001462A463846F8F7EDFD642161
:10788000B0FBF1F000EBC00101EB0010ABEB8000AE
:10789000322101EB00106421B0FBF1F000F00F0089
:1078A000504421688860BDE8F88F00000010014056
:1078B0000014014010B5034699629A85DA850020CC
:1078C0005864222083F84200186928B11868C068FB
:1078D00040F480701C68E0601868406940F0010066
:1078E0001C6860611868C06840F020001C68E06097
:1078F000002010BD014691F84100212828D1886858
:10790000B0F5805F0BD1086948B90A6A1088C0F3E6
:1079100008000B685860086A801C086205E00B6A62
:10792000581C086218780B685860C88C401E80B2DA
:10793000C88458B90868C06820F080000B68D86017
:107940000868C06840F040000B68D86000207047AD
:107950000220FCE72DE9F84304460D4617469846F9
:10796000089E31E0701C70B3FAF7F0FBA0EB080042
:10797000B04200D816B90320BDE8F8832068C0687B
:1079800000F00400F8B1802D1ED0402D1CD02068DE
:107990000068C0F3C000B0B100BF002000902068B4
:1079A0000068009020684068009000BF00BF20463B
:1079B000FFF793FD0820606400BF002084F84000BA
:1079C00000BF0120D8E7FFE7206800682840A842F0
:1079D00001D1012000E00020B842C3D00020CBE755
:1079E00010B50248FCF74AFB10BD000060040020FF
:1079F00010B50248FCF742FB10BD0000A8040020AF
:107A000000BFFEE703B401984100009850EAC1208E
:107A100018BF04204A0D18BF40F0010040F2FF7269
:107A2000B2EB515F08BF40F00200012808BF0520FB
:107A300002B070474100080218BF04200A0E18BFA8
:107A400040F001004FF07F4232EA010108BF40F0F0
:107A50000200012808BF05207047000002480068A6
:107A6000C0F30220704700000CED00E010B50028C4
:107A700004DB0A07130E054A135406E00A07140E26
:107A8000034A00F00F031B1FD45410BD00E400E0B4
:107A900018ED00E0EFF305807047000000000000E3
:107AA00070B5C1482DED020B2DED0E8B82B0119DEE
:107AB00025F000449FEDBEDB9FEDBFEB84423EDB33
:107AC000A4F140511098A1F17F6108430FD0BC4848
:107AD000844202DC28D1109830B39DED100B02B027
:107AE000BDEC0E8B02B0BDE8704000F09FBE9DED76
:107AF000100B53EC1D2B51EC100B06F065FA9DEDAD
:107B0000100B41EC180B53EC1E2B51EC100B06F034
:107B10005BFA53EC182B05F079FF41EC100B02B027
:107B2000BDEC0E8B02B070BD0120F8F77EFE02B0F6
:107B3000BDEC0E8B02B0BDE8704000F08DBEA148D8
:107B40009FEDA18B844256DA9DED100BB4F1795F65
:107B50000ADA51EC100BFFF755FF042808BF00F0BC
:107B60008BFE9DED100BDAE753EC102B51EC100B54
:107B700006F02AFA41EC190B95480621B0EE490AA5
:107B8000F0EE690A784400F0D5FD53EC192B51EC66
:107B9000100B06F019FA41EC1A0B8E48B0EE490AA8
:107BA000F0EE690A0421784400F0C4FD53EC192B6F
:107BB00051EC100B06F008FA53EC182B05F026FFD9
:107BC00041EC100B51EC1A0B53EC102B05F0D2FFCB
:107BD000CDE900019DED000B53EC102B9DED100B3A
:107BE00051EC100B06F0F0F99DED101B53EC112B2E
:107BF00005F00CFFD2E09DED100B51EC100B02F0E4
:107C000003F953EC182B06F013FB9FED730BCDE932
:107C1000000153EC102B9DED000B51EC100B06F006
:107C2000D3F941EC190B6E480621B0EE490AF0EE8B
:107C3000690A784400F07EFD53EC192B51EC100BCF
:107C400006F0C2F941EC1B0B6648B0EE490AF0EEB3
:107C5000690A0421784400F06DFD53EC192B51ECB6
:107C6000100B06F0B1F953EC182B05F0CFFE41ECE8
:107C70001C0B51EC190B04F0E7FC41EC180B5A48B3
:107C80009FED5BABA04222DC53EC1C2B51EC1B0B99
:107C900005F070FFCDE900019DED000B51EC180BD4
:107CA00053EC102B06F090F953EC182B05F0AEFEB8
:107CB00053EC1A2B06F088F953EC1D2B06F090FBC1
:107CC00053EC1E2B06F0B4FA41EC100B5FE08DED87
:107CD000008B002000909DED000B51EC180B53EC35
:107CE000102B05F093FE9DED000B41EC1E0B53ECA9
:107CF000102B51EC100B06F067F953EC192B06F022
:107D000097FA53EC1E2B05F035FF41EC190B53ECA1
:107D10001C2B51EC1B0B05F02DFF41EC1B0B53EC06
:107D20001A2B51EC190B06F04FF953EC1D2B06F0F2
:107D30007FFA41EC190B53EC1A2B51EC180B06F09F
:107D400043F953EC1B2B06F03FF953EC192B06F0CB
:107D500047FB9DED000B41EC180B53EC1A2B51EC3B
:107D6000100B06F031F99FED249B53EC192B06F014
:107D70005FFA41EC100B51EC180B53EC102B06F092
:107D80002FFB53EC192B06F053FA41EC100B002D8E
:107D90003FF7C5AE51EC100B05F0FAFD41EC100BAE
:107DA000BDE60000000000000000F03F0000000001
:107DB000075C143326A6913C182D4454FB21F93F4F
:107DC0000000F07F0000E03F000000000000F03FF6
:107DD0004878000056780000000000000000E03FF6
:107DE0009A770000A87700003333EF3F00000000CF
:107DF0000000000000000040182D4454FB21E93F22
:107E000070B59B482DED020B2DED068B079D25F0DF
:107E10000044A04218DC9748844202DC0AD106984C
:107E200040B19DED060BBDEC068B02B0BDE8704085
:107E300000F0FCBC002DCCBF9FED8F0B9FED900B95
:107E4000BDEC068B02B070BD8F48A04215DD8F4897
:107E5000A042D8BF4FF0FF3458DD9DED060B51EC2A
:107E6000100BFFF7CFFD042808BF00F005FD9DEDC6
:107E7000060BBDEC068B02B070BD9DED060B51EC00
:107E8000100B01F0C1FFCDE9060181489FED828B07
:107E9000A0423CDD8248A0421FDD00249FED82AB62
:107EA0009DED060B53EC1A2B51EC100B05F0AEFDBB
:107EB0009DED060B41EC190B53EC1A2B51EC100BFA
:107EC00006F082F853EC182B06F08AFA53EC192BC3
:107ED00005F050FECDE9060149E09DED060B0124B9
:107EE00053EC182B51EC100B05F090FD9DED060B9B
:107EF00041EC190B53EC182B51EC100B06F070FAF7
:107F000053EC192B05F036FECDE906012FE0684849
:107F1000A0421FDD02249FED689B9DED060B53ECF4
:107F2000192B51EC100B06F04FF853EC182B05F001
:107F30006DFD9DED060B41EC180B53EC192B51EC2C
:107F4000100B06F04DFA53EC182B05F013FECDE99B
:107F500006010CE09DED060B032453EC102B9FED66
:107F6000580B51EC100B05F005FECDE906019DED17
:107F7000060B53EC102B51EC100B06F025F841ECDE
:107F8000180B53EC182B06F01FF841EC190B4E4858
:107F90000621B0EE490AF0EE690A784400F0CAFB07
:107FA00053EC182B51EC100B06F00EF841EC180BAB
:107FB0004648B0EE490AF0EE690A0521784400F01F
:107FC000B9FB53EC192B51EC100B05F0FDFF41EC04
:107FD000100B51EC180B53EC102B002C0EDA05F0A3
:107FE00015FD9DED061B53EC112B05F0EDFF9DEDEE
:107FF000061B53EC112B06F01BF935E005F006FDCE
:108000009DED061B53EC112B05F0DEFF41EC100B30
:108010002F48784400EBC40090ED001B51EC100B8E
:1080200053EC112B06F0DCF99DED061B53EC112BE4
:1080300006F0D6F941EC100B2648784400EBC4005A
:1080400090ED001B51EC100B53EC112B06F0F0F8E7
:1080500041EC100B002DA2BFBDEC068B02B070BD31
:1080600051EC100B05F094FC41EC100B01E7000003
:10807000000010440000F07F182D4454FB21F93F0C
:10808000182D4454FB21F9BF0000DC3F0000203EC6
:108090000000F33F00000000000000000000F03F7F
:1080A0000000E63F0000000000000000000000406B
:1080B0000080034000000000000000000000F83FC6
:1080C000000000000000F0BFEA740000A07400008F
:1080D0002A740000E273000070B56F4E2DED040BA2
:1080E0002DED048B82B0DDF824C0DDE907235C426E
:1080F0002CF000411C4341EAD474069D22F000405C
:10810000B44205D86C422C4340EAD474B4420BD933
:108110009DED081B9DED060B02B0BDEC048B04B079
:10812000BDE8704000F08CBBACF14054A4F17F641A
:108130001C430BD0022404EAAC7444EAD274054315
:108140009FED578B9FED582B07D015E09DED060B4B
:1081500051EC100B00F05EFC42E0002C11BF012C32
:108160009DED060B02B0BDEC048B04BF04B070BDE6
:10817000022C38D0032C3BD00B439FED4D1B9FEDC1
:108180004E0B0AD0B14218D1B04209D121F0804142
:1081900020F08040099107900FE0002A15DA10E0E6
:1081A000474B7B44002C08BF93ED000B0DD0012CF6
:1081B00010D0022C17D0032C1AD0B0421DD1002AA7
:1081C00003DAB0EE410AF0EE610A02B0BDEC048BB6
:1081D00004B070BD93ED000B51EC100B05F0D8FB13
:1081E00041EC100BF1E7B0EE480AF0EE680AECE75C
:1081F000B0EE420AF0EE620AE7E7401A00159FED82
:10820000329B3C28C8BF8DED000B17DCBCF1000F82
:10821000BCBF10F13C0F8DED009B0FDB9DED080BFB
:1082200053EC102B9DED060B51EC100B05F0A2FC4E
:1082300001F0EAFD00F0EEFBCDE90001B4B1012C44
:1082400010D0022C9FED220B53EC102B9DED000B58
:1082500051EC100B19D006F0C3F853EC182B06F0B4
:10826000BFF8BDE7019880F0004001909DED000B44
:1082700053EC192B51EC100B05F0D4FD04BF022078
:10828000F8F7D3FA9DED000B9FE706F0A9F853EC41
:10829000182B05F0CDFFA3E70000F07F00000000E1
:1082A000182D4454FB210940182D4454FB2109C0CA
:1082B000182D4454FB21F9BF182D4454FB21F93FDC
:1082C0001273000000000000000000000000000029
:1082D000075C143326A6A13C10EE101A08B5444AD8
:1082E0006846B2EB410F28D94FF0E640B0EB410FA2
:1082F00094BF00204FF0FF3000900098002861DB11
:1083000060EE000A10F0010F45D010F0020FDFED13
:10831000391A9FED391A00EEE11ADFED381A40EEF6
:10832000811A21EEA01AF0EE400A40EE010A08BFC1
:10833000F1EE600AB0EE600A08BD314B21F0004258
:1083400093423CD911F0004FDFED2E0A20EE201AA7
:10835000DFED2D0A19BF31EE601A71EE200A31EE01
:10836000201A71EE600ABDEEE01A11EE100A9FEDC0
:10837000271A00F0030000EEC10A9FED251A0090B5
:1083800000EEC10A9FED231A00EEC10A9FED221AEA
:1083900000EEC10AB1E79FED211A9FED210A10F00E
:1083A000020F00EE810A9FED1F1A00EE801AB7EE51
:1083B000000A00EE810A18BFB1EE400A08BD00F0C5
:1083C0007FFA9AE710EE100A4000B0F17F4F3CBFF1
:1083D000B7EE000A08BD07D14FF00100F8F725FA03
:1083E000BDE8084000F05CBABDE8084000F054BAAF
:1083F000B61F927E336D4C39DA82083CA0AA2ABEA1
:10840000490E494683F9223F0000004B0000C93F56
:1084100000A0FD390020A2331A61342CB93AB2BA57
:10842000CA9F2A3DDDFFFFBE00B510EE101A2DEDEC
:10843000028B81B0524A6846B2EB410F2ED94FF001
:10844000E640B0EB410F94BF00204FF0FF300090AA
:108450000098B0EE408A00286ADB10F0010F4BD084
:1084600068EE080A9FED471A9FED470A00EE810A61
:108470009FED461A10F0020F00EE801AB7EE000AC8
:1084800000EE810A02BF01B0BDEC028B00BD00BF4F
:1084900001B0B1EE400ABDEC028B00BD3C4B21F0B7
:1084A0000042934241D911F0004FDFED3A0A20EE2D
:1084B000201ADFED390A19BF31EE601A71EE200A79
:1084C00031EE201A71EE600ABDEEE01A11EE100ACC
:1084D0009FED321A00F0030000EEC10A9FED301A42
:1084E000009000EEC10A9FED2F1A00EEC10A9FED29
:1084F0002E1A00EEC10AABE728EE080A9FED2B1AF0
:10850000DFED2B0A10F0020F40EE410A9FED291A11
:1085100000EE201A61EE000AB0EE480A08EE200ACA
:10852000B6D101B0BDEC028B00BD00F0C9F98FE7F8
:1085300018EE100A4000B0F17F4F0DD218EE100A6D
:10854000FFF778FA042808BF00F0B2F9B0EE480A45
:1085500001B0BDEC028B00BD09D10120F8F765F92F
:1085600001B0BDEC028B5DF804EB00F099B901B0ED
:10857000B0EE480ABDEC028B5DF804EB00F08CB95C
:10858000B61F927EB93AB2BACA9F2A3DDDFFFFBE3E
:10859000490E494683F9223F0000004B0000C93FC5
:1085A00000A0FD390020A2331A61342C336D4C3900
:1085B000DA82083CA0AA2ABE00B510EE101A2DEDF2
:1085C000028B81B04D4A6846B2EB410F3CD94FF067
:1085D000E640B0EB410F94BF00204FF0FF30009019
:1085E0000098B0EE408A00285FDB28EE080ADFED35
:1085F000440A9FED441A00EE201ADFED430A40EED4
:10860000010A9FED421A00EE201ADFED410A10F038
:10861000010F40EE010A9FED3F1A00EE201A61EEB5
:10862000000AB0EE480A08EE200A02BF01B0BDEC15
:10863000028B00BDBFEE001A01B0C1EE000ABDEC16
:10864000028BB0EE600A00BD334B21F00042934232
:1086500028D911F0004FDFED310A20EE201ADFEDAE
:10866000300A19BF31EE601A71EE200A31EE201A7D
:1086700071EE600ABDEEE01A11EE100A9FED291AA4
:1086800000F0030000EEC10A9FED271A009000EEF3
:10869000C10A9FED261A00EEC10A9FED251A00EED1
:1086A000C10A9DE700F00CF99AE718EE100A4000A5
:1086B000B0F17F4F0DD218EE100AFFF7BBF9042876
:1086C00008BF00F0F5F8B0EE480A01B0BDEC028B2F
:1086D00000BD09D10120F8F7A8F801B0BDEC028B6C
:1086E0005DF804EB00F0DCB801B0B0EE480ABDEC78
:1086F000028B5DF804EB00F0CFB80000B61F927E4D
:10870000BBE9223C0C6D063B8A76CE3CACB5593DAC
:1087100035A1083E29AAAA3E490E494683F9223FBF
:108720000000004B0000C93F00A0FD390020A2332B
:108730001A61342C70B504462DED028B4D1E00EBF2
:10874000C500B0EE408AF0EE608A90ED000B35F087
:10875000060017D053EC182B51EC100B05F034FC2D
:1087600041EC100B6D1E04EBC50090ED001B51ECAD
:10877000100B53EC112B05F049F941EC100B35F0BF
:108780000600E7D1022D36D0042D1CD0062D1CBFCB
:10879000BDEC028B70BD53EC182B51EC100B05F0A7
:1087A00013FC94ED0A1B53EC112B05F02FF953EC3D
:1087B000182B05F009FC94ED081B53EC112B05F068
:1087C00025F941EC100B53EC182B51EC100B05F074
:1087D000FBFB94ED061B53EC112B05F017F953EC42
:1087E000182B05F0F1FB94ED040B53EC102B05F066
:1087F0000DF941EC100B53EC182B51EC100B05F05C
:10880000E3FB94ED021B53EC112B05F0FFF853EC46
:10881000182B05F0D9FB94ED001B53EC112B05F040
:10882000F5F8BDEC028B41EC100B70BD10B553ECAC
:10883000102B51EC100B05F0E9F841EC100B10BDBA
:1088400010B553EC112B51EC100B05F0DFF841EC97
:10885000100B10BD000000009FED050B10B553EC90
:10886000102B51EC100B05F085F941EC100B10BDED
:1088700000000000000000009FED050B10B553EC58
:10888000102B51EC100B05F09FFB41EC100B10BDB1
:10889000000000000000001030EE000A70470000E9
:1088A000DFED020A80EEA00A704700000000000021
:1088B0009FED020A20EE000A704700000000001041
:1088C0002DE9F0014FF07F42B2EB410F9FBF4FF017
:1088D000FF310160BDE8F00170474FF0004242EA0D
:1088E0000123C1F3C752783A551112F01F0C434CC3
:1088F000CCF120067C44C1F3C752A2F178024FEAC2
:10890000621204EB820254F8254008BFD2E90156F6
:1089100012D0556804FA0CF425FA06F73C43976820
:1089200005FA0CF527FA06F8D26807FA0CFCF240B3
:1089300045EA08054CEA0206A4FB034CA5FB0352DA
:10894000A6FB03631D449D4234BF01260026131974
:10895000334416B1934202D903E0934201D201227B
:1089600000E00022624402F1200C9206DC0C42EA94
:10897000443200EE102A5B03DFED210AF8EEC01A44
:1089800000EE103A4FEA9C1C11F0004FB8EE400A7E
:10899000C0F800C020EE201A00EE105ADFED190AD0
:1089A000B8EE400A20EE200A71EE810A70EE800ACD
:1089B00010EE902A02F500626FF30B0200EE902A8F
:1089C00070EEE11A31EEC11ADFED101A30EE411AE5
:1089D0009FED0D0A20EE800A01EE210A9FED0C1A90
:1089E00000EE810A04BFBDE8F0017047CCF1805170
:1089F0000160BDE8F001B1EE400A7047C86B0000AD
:108A0000000000360000802C22AAFD29DB0FC92FB0
:108A10000000C92F10B541EC100BFFF7F1F951EC34
:108A2000100B10BD2DE9F0432DED0E8BC5B00446A3
:108A3000F0EE408AB0EE609A0D469046012C01DBC4
:108A40000A2C06DD4FF0FF3045B0BDEC0E8BBDE8C3
:108A5000F083B5EEC09AF1EE10FA04D9F5EEC08AB3
:108A6000F1EE10FA02D84FF0FF30EDE7F0EE000A19
:108A700088EEA00AB4EEC90AF1EE10FA02D84FF05F
:108A8000FF30E1E715B1B8F1000F02D14FF0FF3030
:108A9000DAE79FEDCA0A29EE000AC0EE280AB0EE16
:108AA00060BAB0EE4B0AFFF787FDB0EE408AB02106
:108AB00018A8F7F739FE9FEDC20B8DED180B9FED4F
:108AC000C20B8DED1A0B4FF000090027C9E000EE34
:108AD000107AB8EEC00AF7EE000AB0EE001A41EEC6
:108AE000000A00EE104AB8EEC00A30EE800ADFED50
:108AF000B30A60EE200A00EE104AB8EEC00AB0EEEB
:108B0000001A20EE010A80EE801AB0EE41EAF0EE83
:108B10004E0AB7EE000A00F0CEFA8DED140B8DED83
:108B2000161B18EE100A05F045FD41EC1B0B9DEDE0
:108B3000141BB0EE410AF0EE610A53EC102B05F065
:108B400043FA41EC1C0B9FED9E0B53EC102B04F0F1
:108B50005DFFCDE9100118EE100A05F02BFD41EC88
:108B60001B0B9DED161BB0EE410AF0EE610A53ECB3
:108B7000102B05F029FACDE9120118EE100A05F0C4
:108B800019FD41EC1C0B9DED141BB0EE410AF0EEFB
:108B9000610A53EC102B05F017FA41EC1B0B9FED0B
:108BA000880B53EC102B05F043FBCDE90C01B1EE23
:108BB000480A10EE100A05F0FDFC41EC1B0B9DED80
:108BC000161BB0EE410AF0EE610A53EC102B05F0D3
:108BD000FBF9CDE90E019DED0E3B9DED0C2B9DEDBE
:108BE000121B9DED100B00F027F98DED080B8DED9C
:108BF0000A1B09F101099DED0A1B9DED080B00F010
:108C000038FA8DED040B8DED061B4E4626E0711EE5
:108C100018AA02EB011090ED023B90ED002B9DEDA8
:108C2000061B9DED040B00F0B9F98DED000B8DEDE9
:108C3000021B18A901EB06109DED023B9DED002BD8
:108C400090ED021B90ED000B00F0C4F818A800EBAB
:108C5000061080ED000B80ED021B761E002ED6DC88
:108C60007F1CA742FFF633AFB7EE000A85ED000A7E
:108C7000012017E0411E05EB8101D1ED000A411EE4
:108C8000611A00EE101AB8EEC00A60EE800A00EE1B
:108C9000100AB8EEC00A80EE801A05EB800181ED63
:108CA000001A401CA042E5DDDFED499A00261BE0DA
:108CB00019EE900A05F07EFC41EC1B0B18A800EBA6
:108CC000061090ED001BB0EE410AF0EE610A53EC85
:108CD000102B51EC1B0B04F099FE41EC1C0B04F023
:108CE00063FE09EE900A761CA642E1DD9FED38AAEC
:108CF000002008E005EB800191ED000A30EE0A0A41
:108D0000B0EE40AA401CA042F4DDC9EE8ADA002091
:108D10000AE005EB800191ED000A20EE2D0A05EB3B
:108D2000800181ED000A401CA042F2DD9DED181B80
:108D3000B0EE410AF0EE610A51EC100B04F034FE83
:108D40000AEE900AB7EE000A80EE2ADA00261CE04E
:108D500018A901EB0610B0EE4D2A90ED021B90ED24
:108D6000000B00F0D2F918A800EB061080ED000B04
:108D700080ED021B05EB860090ED000A20EE0D0A47
:108D800005EB860080ED000A761CA642E0DD002699
:108D90000FE018A800EB061090ED001BB0EE410AA2
:108DA000F0EE610A51EC100B04F0FEFD48F82600CD
:108DB000761CA642EDDD002046E60000DB0F4940B0
:108DC000000000000000F03F000000000000000074
:108DD0000000000010B52DED080B84B09DED082BB0
:108DE000B0EE420AF0EE620A9DED042BB0EE421A9C
:108DF000F0EE621A53EC102B51EC110B04F006FE4E
:108E0000CDE900019DED0A2BB0EE420AF0EE620AB8
:108E10009DED062BB0EE421AF0EE621A53EC102BC9
:108E200051EC110B04F0F2FDCDE902019DED000BB8
:108E30009DED021B0CB010BD10B52DED080B2DEDF6
:108E4000088B84B09DED122BB0EE420AF0EE620A60
:108E50009DED122BB0EE421AF0EE621A53EC102B7D
:108E600051EC110B05F0B0F841EC190B9DED102BF6
:108E7000B0EE420AF0EE620A9DED102BB0EE421AFF
:108E8000F0EE621A53EC102B51EC110B05F09CF82C
:108E900041EC1A0B53EC192B04F0B8FD41EC180B04
:108EA00004F082FD0446204605F084FB41EC180BDB
:108EB0009DED122BB0EE420AF0EE620A9DED0E2BF4
:108EC000B0EE421AF0EE621A53EC102B51EC110B7B
:108ED00005F07AF841EC1A0B9DED102BB0EE420A2A
:108EE000F0EE620A9DED0C2BB0EE421AF0EE621A23
:108EF00053EC102B51EC110B05F066F841EC1B0BF9
:108F000053EC1A2B04F082FD41EC190B53EC182B97
:108F100004F030FECDE90001204605F04BFB41ECAA
:108F2000180B9DED122BB0EE420AF0EE620A9DED99
:108F30000C2BB0EE421AF0EE621A53EC102B51ECEF
:108F4000110B05F041F841EC1A0B9DED102BB0EE22
:108F5000420AF0EE620A9DED0E2BB0EE421AF0EEE0
:108F6000621A53EC102B51EC110B05F02DF841EC6B
:108F70001B0B53EC1A2B05F033FA41EC190B53EC95
:108F8000182B04F0F7FDCDE902019DED000B9DEDDE
:108F9000021B04B0BDEC088B08B010BD10B52DED60
:108FA000080B2DED048B84B09DED0E2BB0EE420A24
:108FB000F0EE620A9DED0A2BB0EE421AF0EE621A54
:108FC00053EC102B51EC110B04F0FEFF41EC180B8D
:108FD0009DED0C2BB0EE420AF0EE620A9DED082BDF
:108FE000B0EE421AF0EE621A53EC102B51EC110B5A
:108FF00004F0EAFF41EC190B53EC182B05F0F0F9E3
:10900000CDE900019DED0C2BB0EE420AF0EE620AB4
:109010009DED0A2BB0EE421AF0EE621A53EC102BC3
:1090200051EC110B04F0D0FF41EC180B9DED0E2B11
:10903000B0EE420AF0EE620A9DED082BB0EE421A45
:10904000F0EE621A53EC102B51EC110B04F0BCFF44
:1090500041EC190B53EC182B04F0D8FCCDE90201BC
:109060009DED000B9DED021B04B0BDEC048B08B020
:1090700010BD10B52DED040B84B09DED041BB0EEBA
:10908000410AF0EE610A51EC100B04F081FCCDE9CD
:1090900000019DED061BB0EE410AF0EE610A51ECB5
:1090A000100B04F075FCCDE902019DED000B9DED68
:1090B000021B08B010BD10B52DED028B84B0B0EED0
:1090C000408AF0EE608AB0EE680AFFF705F920EEFC
:1090D000080A10EE104A204605F06CFACDE90001AE
:1090E000B0EE680AFFF7A0F920EE080A10EE104A69
:1090F000204605F05FFACDE902019DED000B9DEDE4
:10910000021B04B0BDEC028B10BD10B52DED060B9B
:109110002DED048B84B0B0EE428A18EE100A05F0F3
:1091200049FA41EC190B9DED081BB0EE410AF0EE37
:10913000610A53EC102B04F047FFCDE9000118EE53
:10914000100A05F037FA41EC190B9DED0A1BB0EE41
:10915000410AF0EE610A53EC102B04F035FFCDE923
:1091600002019DED000B9DED021B04B0BDEC048BD4
:1091700006B010BD2DE9F0410446E07800F0C006CD
:10918000E07800F03F05607800F0010098B1EF1042
:109190002846E91705EB5171C910A5EBC101491C1F
:1091A00001F0FF080B48006820B10A4841460268F8
:1091B0003846904700BF607800F0080030B105489D
:1091C000406818B1B011034A516888470020BDE8D3
:1091D000F08100005005002038B5044664B120201D
:1091E0008DF8000028208DF8010030208DF8020055
:1091F00038208DF8030004E0A32204216846F7F725
:1092000069FA6A46042140F69E2002F0A5FA01F0B0
:10921000C7FE38BD3EB5044602208DF80000CA20C6
:109220008DF80100E3208DF8020009208DF803007D
:109230006A460421682002F08FFAA3208DF800000E
:1092400004F0400048B1C0208DF80100C8208DF81E
:109250000200C2208DF8030006E0A3208DF8010073
:109260008DF802008DF8030004F4C07048B1C420EA
:109270008DF80400CC208DF80500C6208DF806007E
:1092800006E0A3208DF804008DF805008DF8060097
:10929000A3208DF807008DF808008DF809006A46B4
:1092A0000A2140F6A72002F057FA04F0030018B193
:1092B00020208DF8000002E0D8208DF800006A46DA
:1092C000012140F6B62002F047FA04F0200018B160
:1092D000012000F0ADF802E0002000F0A9F804F44D
:1092E000C07008B304F4807060B1B2208DF8000043
:1092F0008B208DF80100B6208DF802009B208DF8A0
:1093000003000BE0B0208DF8000080208DF80100F4
:10931000B4208DF8020090208DF803006A460421E5
:1093200040F6A22002F018FA04F0010020B3F82061
:109330008DF800006A4601214FF40B6002F00CFA30
:10934000FA21072000F05AFC072000F021FC012040
:1093500000F041FC642000F031FD4FF4FA7000F0A1
:1093600040FDC821304800F0D1FB282000F0EAFB86
:109370000A2000F0FAFB08E0D8208DF800006A46C9
:1093800001214FF40B6002F0E7F904F0020018B17C
:10939000D9208DF8000002E0D8208DF800006A4640
:1093A000012140F23D7002F0D7F904F0040018B139
:1093B000012000F069F802E0002000F065F804F0F8
:1093C000100018B10120FFF707FF02E00020FFF7AF
:1093D00003FF44F008001549488101F0E1FD002039
:1093E0001249887304F0400018B10846807B801D44
:1093F000887304F4C07020B10C48807B801D0B4939
:10940000887304F0140020B10848807B10300749AD
:10941000887304F0030020B10448807B001D0349D9
:10942000887300203EBD000009E3CA0250050020F9
:109430003EB504466CB10EA1D1E900208968CDE9A2
:10944000002002916A4609214FF4976002F084F9E6
:109450003EBD0AA2D2E900109268CDE90102009156
:109460006A4609214FF4976002F076F9F0E70000B0
:10947000B8AAB38DB4980D355D000000B8AAAAAAA9
:10948000B088C3C5C700000038B5044664B1C02029
:109490008DF80000C2208DF80100C4208DF8020074
:1094A000C6208DF8030004E08B2204216846F7F7FC
:1094B00011F96A46042140F6982002F04DF901F0B6
:1094C0006FFD38BD10B5C8234FF48062024940F6E5
:1094D000F63001F0DBFB10BDD4E700082DE9F04FBA
:1094E0008DB00746884615469946DDE9166B00247F
:1094F000002030806B49887B5A4605A901F0B0FCFA
:1095000018B1601E0DB0BDE8F08F6648807A00F09B
:109510001400002867D09DF8140000069DF815106F
:1095200040EA01409DF8161040EA01209DF817100E
:10953000084328609DF8180000069DF8191040EABD
:1095400001409DF81A1040EA01209DF81B100843C5
:1095500068609DF81C0000069DF81D1040EA01405F
:109560009DF81E1040EA01209DF81F100843A860D6
:109570009DF8200000069DF8211040EA01409DF86A
:10958000221040EA01209DF823100843E86004F10E
:109590001000C4B22868001401906868001402909A
:1095A000A86800140390E8680014049001984043F0
:1095B000029901FB0100039901FB0100049901FBE1
:1095C000010ABAF1706F02DBBAF1885F05DD01F0C4
:1095D000E7FC00203080401E94E7B6F9000040F41C
:1095E0008070308000BF2F48807A00F0400020B3A8
:1095F00005A9601C085C095D40EA012000B2A8F8DA
:10960000000005A9E01C095C05AAA01C105C41EA49
:10961000002000B2A8F8020005A9601D095C201D09
:10962000105C41EA002000B2A8F80400A01DC4B2FA
:10963000B6F9000040F0080030801A48408900F474
:10964000C07008B305A9601C085C095D40EA0120F0
:1096500000B2388005A9E01C095C05AAA01C105CBA
:1096600041EA002000B2788005A9601D095C201D38
:10967000105C41EA002000B2B880A01DC4B2B6F967
:10968000000040F0700030800648807A00F003004F
:1096900018B105A90819FFF76DFD4846F7F70EFF49
:1096A00000202FE75005002070B588B0064601A8BD
:1096B00001F0A2F9BDF804000021C90341EA5045B8
:1096C000C4034448007A00F0030056F820000590D7
:1096D0004048007A00F0040010B10598404205901F
:1096E0003C48007AC0F3C10056F820000690394883
:1096F000007A00F0200010B10698404206903548EC
:10970000007AC0F3811056F8200007903148008994
:1097100000F4807010B10798404207900598C11777
:10972000A0FB042301FB043100FB0510810041EA8A
:10973000927005900698C117A0FB042301FB043129
:1097400000FB0510810041EA927006900798C1174E
:10975000A0FB042301FB043100FB0510810041EA5A
:10976000927007900598000E8DF808000598000C7F
:109770008DF809000598000A8DF80A000598C0B216
:109780008DF80B000698000E8DF80C000698000C62
:109790008DF80D000698000A8DF80E000698C0B2EC
:1097A0008DF80F000798000E8DF810000798000C38
:1097B0008DF811000798000A8DF812000798C0B2C2
:1097C0008DF8130002AA0C214FF4257001F0C4FF9C
:1097D00008B070BD5005002030B585B0044616A213
:1097E00007CA02AB07C3C82C03DD4FF0FF3005B03A
:1097F00030BDC82090FBF4F0401E85B2280A8DF8D9
:109800000000E8B28DF801006A46022140F21620FD
:1098100001F0A2FF10B14FF0FF30E8E702AA0C21DF
:1098200040F6C12001F098FF10B14FF0FF30DEE7A5
:10983000044884810020DAE7FEF2ABC4AAF1DFDF3E
:10984000BBAFDFDF500500201FB504464848007A53
:1098500000F0030054F8200001904548007A00F021
:10986000040010B10198404201904148007AC0F3D1
:10987000C10054F8200002903D48007A00F020001A
:1098800010B10298404202903948007AC0F381102A
:1098900054F8200003903648008900F4807010B11D
:1098A0000398404203903349019880FB0101800FE7
:1098B00040EA810001902F49029880FB011082004C
:1098C00042EA917002902B49039880FB01108200BC
:1098D00042EA917003900198000E8DF80000019803
:1098E000000C8DF801000198000A8DF80200019823
:1098F000C0B28DF803006A4604214FF4747001F081
:109900002BFF18B14FF0FF3004B010BD0298000ECD
:109910008DF800000298000C8DF801000298000AF2
:109920008DF802000298C0B28DF803006A46042147
:109930004FF4757001F010FF10B14FF0FF30E3E706
:109940000398000E8DF800000398000C8DF80100BC
:109950000398000A8DF802000398C0B28DF8030046
:109960006A4604214FF4767001F0F6FECCE7000061
:109970005005002009E3CA0210B586B004460FA2C4
:1099800007CA03AB07C310A207CA8DE80700012C62
:1099900009D0022C0ED103AA0B2140F6822001F03F
:1099A000DBFE06B010BD6A460B2140F6822001F0B6
:1099B000D3FEF6E74FF0FF30F3E70000D8B1B9F37C
:1099C0008BA391B609B4D900DAB1B9F38BA391B6E0
:1099D000DAB4DA0010B586B0044647A000680390F8
:1099E00046A00068029046A00068019045A000686B
:1099F000009004F0030003A9085C8DF8140003A88C
:109A0000C4F3C101405C8DF8150003A8C4F38111B3
:109A1000405C8DF8160004F0030002A9085C8DF884
:109A2000100002A8C4F3C101405C8DF8110002A827
:109A3000C4F38111405C8DF8120005AA032140F2A5
:109A4000264001F089FE18B14FF0FF3006B010BD7E
:109A500004AA032140F22A4001F07EFE10B14FF02B
:109A6000FF30F3E7019805900098049004F004009B
:109A700058B19DF8140040F001008DF814009DF8D5
:109A8000100040F001008DF8100004F0200058B1E3
:109A90009DF8150040F001008DF815009DF81100AB
:109AA00040F001008DF8110004F4807058B19DF869
:109AB000160040F001008DF816009DF8120040F0ED
:109AC00001008DF8120005AA03214FF4886001F00F
:109AD00043FE10B14FF0FF30B8E704AA032140F273
:109AE000314001F039FE10B14FF0FF30AEE70648CB
:109AF00004810020AAE700004CCD6C000CC92C00AA
:109B0000365676002646660050050020F8B5054614
:109B10000E464FF47A7095FBF0F000FB06F4200E31
:109B20008DF80000200C8DF80100200A8DF802004D
:109B3000E0B28DF803006A4604214FF4AE7001F0E4
:109B40000BFEF8BD38B50446052094FBF0F084B256
:109B500020128DF80000E0B28DF801006A46022163
:109B60004FF4AD7001F0F8FD38BD38B5044605205E
:109B700094FBF0F084B220128DF80000E0B28DF872
:109B800001006A4602214FF4AC7001F0E5FD38BDDA
:109B900038B504460020009004F0010020B19DF883
:109BA000000040F03000009004F0020020B19DF869
:109BB000000040F00C00009004F0040020B19DF87B
:109BC000000040F0030000906A4601214FF4A470A9
:109BD00001F0C2FD38BD38B50446012C01DA01247C
:109BE00002E0042C00DD0424601EC0B200906A462E
:109BF000012140F24F1001F0AFFD38BDF0B52DED61
:109C0000028B83B006460F4606F0070010B1B7F589
:109C1000C86F05DD4FF0FF3003B0BDEC028BF0BD27
:109C200000EE107AB8EE400ADFED5B0A80EE208A83
:109C300001A800F0BBFE9DF80400022806D004280D
:109C400017D0082828D010284CD138E09FED530AAF
:109C500028EE000ABCEEC00A10EE100A84B29FED96
:109C6000500A28EE000ABCEEC00A10EE100A85B2B7
:109C70003BE09FED4C0A28EE000ABCEEC00A10EE55
:109C8000100A84B29FED480A28EE000ABCEEC00A12
:109C900010EE100A85B228E09FED440A28EE000A73
:109CA000BCEEC00A10EE100A84B29FED410A28EE05
:109CB000000ABCEEC00A10EE100A85B215E09FED56
:109CC0003D0A28EE000ABCEEC00A10EE100A84B26B
:109CD0009FED390A28EE000ABCEEC00A10EE100A09
:109CE00085B202E04FF0FF3096E700BF20128DF8FA
:109CF0000800E0B28DF8090028128DF80A00E8B2D9
:109D00008DF80B0006F00100A0B102AA02214FF469
:109D1000EA7001F021FD10B14FF0FF307CE70DF14A
:109D20000A0202214FF4927001F016FD10B14FF0BB
:109D3000FF3071E706F00200A0B102AA02214FF441
:109D4000EC7001F009FD10B14FF0FF3064E70DF148
:109D50000A0202214FF4947001F0FEFC10B14FF0A2
:109D6000FF3059E706F00400A0B102AA02214FF427
:109D7000EE7001F0F1FC10B14FF0FF304CE70DF147
:109D80000A0202214FF4967001F0E6FC10B14FF088
:109D9000FF3041E700203FE70000484300008046D5
:109DA00000004046000000460000C045000080451D
:109DB00000004045000000450000C04438B504469E
:109DC000052094FBF0F085B228128DF80000E8B26F
:109DD0008DF801006A4602214FF4EF7001F0BCFCDF
:109DE00038BD38B50446052094FBF0F085B2281242
:109DF0008DF80000E8B28DF801006A4602214FF4A8
:109E0000ED7001F0A9FC38BD82B0CDE9000121F070
:109E1000004001909DED000B02B051EC100B70471B
:109E20000148406870470000001000E02DE9F04F45
:109E300087B005460C46914601208DF810000020A1
:109E40008DF81100FE4A1268517DFD4A5268107863
:109E500004AB0222FCF728F920B14FF0FF3007B025
:109E6000BDE8F08FC820F7F714FC00208DF8100033
:109E7000F34A1268517CF24A5268107804AB01220E
:109E8000FCF712F910B14FF0FF30E8E7EC4A126826
:109E90005179EB4A5268107804AB0122FCF704F9BF
:109EA00010B14FF0FF30DAE7E54A1268517DE44A1D
:109EB0005268107804AB0122FCF7F6F810B14FF0AD
:109EC000FF30CCE7DE4A1268917EDD4A5268107896
:109ED00004AB0122FCF7E8F810B14FF0FF30BEE709
:109EE000D74A12681179D64A5268107804AB012219
:109EF000FCF7DAF810B14FF0FF30B0E70C208DF826
:109F00001000CF4A12681179CD4A5268107804AB1C
:109F10000122FCF7C9F810B14FF0FF309FE70F2086
:109F2000F7F7B7FBC648806A407A8DF81000C44A3C
:109F300012689178C24A5268107804AB0122FCF78B
:109F4000B3F810B14FF0FF3089E7BD48806A007A5E
:109F50008DF81000BA4A12685178B94A52681078E0
:109F600004AB0122FCF7A0F810B14FF0FF3076E708
:109F7000B9F1000F07D0B248806A807A40F0E00063
:109F80008DF8100004E0AE48806A807A8DF81000E9
:109F9000AB4A12689179AA4A5268107804AB012240
:109FA000FCF782F810B14FF0FF3058E7B9F1000F1D
:109FB00007D0A348806AC07A40F0E0008DF8100016
:109FC00003E0A048C07A8DF810009D4A1268D1794C
:109FD0009B4A5268107804AB0122FCF765F810B177
:109FE0004FF0FF303BE7B9F1000F02D0C820F7F780
:109FF00050FB40208DF81000914A12681179904A68
:10A000005268107804AB0122FCF74EF810B14FF003
:10A01000FF3024E778208DF81000894A12685179C2
:10A02000874A5268107804AB0122FCF73DF810B162
:10A030004FF0FF3013E783498889F7F72AFB0020A8
:10A040008DF810007E4A126851797D4A5268107866
:10A0500004AB0122FCF728F810B14FF0FF30FEE608
:10A06000774A1268117B764A5268107804AB022254
:10A07000FBF7BEFF10B14FF0FF30F0E69DF8110086
:10A080009DF8101040EA012B0C209BFBF0F0C6B2AB
:10A090000020A86068602860A06060602060824640
:10A0A00065E0674A1268517B654A5268107804ABD4
:10A0B0000C22FBF79DFF10B14FF0FF30CFE69DF86B
:10A0C00011009DF8101040EA012000B2ADF8080020
:10A0D0009DF813009DF8121040EA012000B2ADF87F
:10A0E0000A009DF815009DF8141040EA012000B206
:10A0F000ADF80C00BDF90810206808442060BDF9D7
:10A100000A10606808446060BDF90C10A06808443B
:10A11000A0609DF817009DF8161040EA012000B2DB
:10A12000ADF800009DF819009DF8181040EA0120D4
:10A1300000B2ADF802009DF81B009DF81A1040EA2D
:10A14000012000B2ADF80400BDF9001028680844F1
:10A150002860BDF90210686808446860BDF9041001
:10A16000A8680844A8600AF1010000F0FF0AB2459F
:10A1700097DB3448D0F800C02868C117090441EAC9
:10A1800010410704624600233846F6F7DCF93246F0
:10A190000023CDE90201F6F7D6F928602948D0F866
:10A1A00000C06868C117090441EA1041070462460B
:10A1B00000233846F6F7C7F932460023CDE90201FD
:10A1C000F6F7C1F968601F48D0F800C0A868C11749
:10A1D000090441EA10410704624600233846F6F7B5
:10A1E000B2F932460023CDE90201F6F7ACF9A860D6
:10A1F0001448D0F804C02068C117090441EA10418E
:10A200000704624600233846F6F79DF932460023DC
:10A21000CDE90201F6F797F920600A48D0F804C0AA
:10A220006068C117090441EA10410704624600232F
:10A230003846F6F788F932460023CDE9020103E0FB
:10A2400070000020ACE70008F6F77DF96060114867
:10A25000D0F804C0A068C117090441EA10410704FE
:10A26000624600233846F6F76EF932460023CDE900
:10A270000201F6F768F9A060A068002804DDA06874
:10A28000A0F58030A06003E0A06800F58030A060F9
:10A290000020E4E5ACE7000810B50446204600F0D5
:10A2A0000FF80346E01C00F00BF843EAC00083B24D
:10A2B000A01D00F005F843EA801083B2184610BDD7
:10A2C000014691F90020002A01DD00201EE091F9ED
:10A2D0000020002A01DA042018E091F90120002A68
:10A2E00001DD012012E091F90120002A01DA0520A8
:10A2F0000CE091F90220002A01DD022006E091F92C
:10A300000220002A01DA062000E007207047F8F753
:10A3100025FCFCF773FEF7F793F9FCF731F9FCF72E
:10A32000CFF8FCF793F8FCF787F9FCF7A3F9FCF7F3
:10A330000BFAFCF747FAFCF7A9FAFCF7C3FAFCF7AB
:10A340007FFA01F059FAFCF7D7F801F06BFA00BF79
:10A35000FEE7000010B52DED048BB0EE408A3348C7
:10A3600090ED050AB0EE409A38EE490AF0EE408AC8
:10A370000BE09FED2F0A38EE400AB0EE408A9FEDC9
:10A380002C0A38EEC00AF0EE408A9FED2A0AF4EE5D
:10A39000C08AF1EE10FAECDC0BE09FED250A38EEF6
:10A3A000000AB0EE408A9FED220A38EE800AF0EEF5
:10A3B000408A9FED210AF4EEC08AF1EE10FAECD348
:10A3C000F5EEC08AF1EE10FA16DDF0EE480AB0EEB6
:10A3D000490A1A48FCF7F2FA194880ED030AF0EE30
:10A3E000480AB0EE490A1548FCF7E8FAB1EE400A0F
:10A3F000144880ED030A15E0F0EE480AB0EE490A71
:10A400000E48FCF7DBFA0E4880ED030AF0EE480A2E
:10A41000B0EE490A0948FCF7D1FAB1EE400A094802
:10A4200080ED030ABDEC048B10BD00006005002028
:10A430000000B44300003443000034C370290020FE
:10A4400040300020C02C002010B500211348F9F73F
:10A4500047FD04211148F9F743FD08210F48F9F79A
:10A460003FFD0C210D48F9F73BFD3C210C48F9F765
:10A4700013FB3C210B48F9F70FFB00210846FBF7C3
:10A4800045FD00210420FBF741FD00210820FBF7DA
:10A490003DFD00210C20FBF739FD10BD40030020DD
:10A4A000D00300208803002010B55C48D0ED003AAE
:10A4B0005B4890ED003A5B4801685B48D0ED002AAC
:10A4C0005A4890ED002A5A48D0ED001A594890EDAC
:10A4D000001A5948D0ED000A584890ED000A584833
:10A4E000FCF724FA5748D0ED003A574890ED003A6F
:10A4F000564801685648D0ED002A564890ED002A8B
:10A500005548D0ED001A554890ED001A5448D0ED4A
:10A51000000A544890ED000A5348FCF707FA5348E4
:10A52000D0ED003A524890ED003A52480168524846
:10A53000D0ED002A514890ED002A5148D0ED001A84
:10A54000504890ED001A5048D0ED000A4F4890ED69
:10A55000000A4F48FCF7EAF94E48D0ED003A4E4861
:10A5600090ED003A4D4801684D48D0ED002A4D4825
:10A5700090ED002A4C48D0ED001A4C4890ED001A9E
:10A580004B48D0ED000A4B4890ED000A4A48FCF7D2
:10A59000CDF94A48D0ED003A494890ED003A494893
:10A5A00001684948D0ED002A484890ED002A484803
:10A5B000D0ED001A474890ED001A4748D0ED000A48
:10A5C000464890ED000A4648FCF7B0F94548D0ED02
:10A5D000003A454890ED003A444801684448D0EDBF
:10A5E000002A444890ED002A4348D0ED001A434821
:10A5F00090ED001A4248D0ED000A424890ED000A62
:10A600004148FCF793F9224A0D494048FCF778F994
:10A61000294A15493E48FCF773F910BD180100207E
:10A6200014010020100100200C010020080100206E
:10A630000401002000010020FC000020F8000020A0
:10A64000F02C0020600100205C0100205801002057
:10A6500054010020500100204C010020480100203E
:10A660004401002040010020703000203C01002007
:10A670003801002034010020300100202C0100208E
:10A680002801002024010020200100201C010020BE
:10A69000982E002084010020800100207C010020F1
:10A6A0007801002074010020700100206C0100205E
:10A6B000680100206401002018320020D000002032
:10A6C000CC000020C8000020C4000020C0000020F2
:10A6D000BC000020B8000020B4000020B000002022
:10A6E00070290020F4000020F0000020EC00002081
:10A6F000E8000020E4000020E0000020DC00002052
:10A70000D8000020D4000020182B0020C02C0020EE
:10A710004030002010B52DED028B0446B0EE408A8B
:10A72000D4ED010AF8EEE00AB0EE600AF0EE480A55
:10A73000606AFCF743F984ED030ABDEC028B10BD9F
:10A7400010B5064890ED081AF0EE410A044890ED65
:10A75000081AB0EE410A01F007FF10BD403000209A
:10A76000C02C002010B5044694ED031AF0EE410A07
:10A7700094ED041AB0EE410AA06AFCF71FF984EDCB
:10A78000080A10BD70B52DED068B04460D46B0EEDF
:10A79000408A18484068001B08EE900A1648406836
:10A7A000401B09EE100AB8EEE80AF8EEC90A18EEE6
:10A7B000200ABDEEC00AF0EE409ADFED100AB8EEB6
:10A7C000E90A0F48FCF7FAF8B0EE40AA8AEE080A48
:10A7D0000948D0ED030A30EE200A80ED030A05484F
:10A7E00090ED030A30EE4A0A80ED030ABDEC068BB9
:10A7F00070BD0000C02C0020403000200000000090
:10A80000182B002010B52DED068B454800684549F2
:10A810000968081A42498860434800684349096842
:10A82000081A414988603E4840683D4989680844A3
:10A830003B4948603C4840683B49896808443A497C
:10A840004860F6F7C5FEB0EE408AF0EE608A344804
:10A8500090ED020AB8EEC00ADFED350A60EE200A7C
:10A860009FED341A80EE810AF2EE0A0A80EE20AAE9
:10A8700090ED061BB0EE410AF0EE610A53EC102B8E
:10A8800051EC180B03F0ACFD41EC190B03F08CF804
:10A8900000EE100ACAEE000A9FED270A20EE800A99
:10A8A0001F4880ED040A204890ED020AB8EEC00A65
:10A8B000DFED1F0A60EE200A9FED1E1A80EE810A6E
:10A8C000F2EE0A0A80EE20AA90ED061BB0EE410AD5
:10A8D000F0EE610A53EC102B51EC180B03F080FDE5
:10A8E00041EC190B03F060F800EE100ACAEE000A02
:10A8F0009FED110A20EE800A0B4880ED040A0948FA
:10A90000006807490860094800680749086004486A
:10A9100080ED068B084680ED068BBDEC068B10BDE6
:10A92000C02C002008000020403000200C00002037
:10A93000000088420000614300007A4470B504467C
:10A94000002624F00104184890F8240008B10020E3
:10A9500070BD1548807A10B94FF0FF30F8E7124803
:10A96000057C807A2040104908740846007CA0428B
:10A9700002D04FF0FF3600E0002614B90A48007DEF
:10A9800018B1012001F0A8FD02E0002001F0A4FDB3
:10A990003CB100F005FB20B1034805744FF0FF30D7
:10A9A000D6E73046D4E70000700000200146114889
:10A9B000407A30B1012807D0022808D003280CD1F2
:10A9C00008E0022008700BE00420087008E008206E
:10A9D000087005E01020087002E04FF0FF3070476B
:10A9E00000BF0448C07C18B108784006000E08700B
:10A9F0000020F4E77000002001461348407A30B18F
:10AA0000012808D002280AD0032810D10BE04FF407
:10AA1000804008800EE041F69C7008800AE04FF408
:10AA20008050088006E04FF40060088002E04FF09C
:10AA3000FF30704700BF0448C07C10B10888401048
:10AA400008800020F5E70000700000200146024861
:10AA5000007C0870002070477000002001460F48FD
:10AA6000007A30B1012807D0022809D003280FD17D
:10AA70000AE0FA2008800EE04FF4FA7008800AE03D
:10AA80004FF47A70088006E04FF4FA60088002E024
:10AA90000020088000BF00BF002070477000002029
:10AAA00001461248007A30B1012809D002280CD0A2
:10AAB000032814D10EE09FED0E0A81ED000A11E08B
:10AAC0009FED0C0A81ED000A0CE09FED0B0A81ED71
:10AAD000000A07E09FED090A81ED000A02E04FF04D
:10AAE000FF30704700BF0020FBE70000700000202F
:10AAF0000000034300008342333303423333834176
:10AB000001461248C07A082817D2DFE800F017047F
:10AB1000070A0D101318BC20088013E0622008807B
:10AB200010E02A2008800DE0142008800AE00A20A6
:10AB3000088007E00520088004E000BF00BF002077
:10AB4000088000BF00BF0020704700007000002098
:10AB50000146064890F8240010B14FF0FF307047CE
:10AB60000248C08908800020F9E70000700000203A
:10AB70001CB5044680208DF80000434A1268517DC0
:10AB8000414A526810786B460122FBF78DFA10B1EA
:10AB90004FF0FF301CBD6420F6F77BFD00208DF8E0
:10ABA0000000394A1268517D374A526810786B4666
:10ABB0000122FBF779FA10B14FF0FF30EAE74820A5
:10ABC0008DF80000304A1268117A2F4A52681078C6
:10ABD0006B460122FBF768FA10B14FF0FF30D9E75E
:10ABE000FF2129488172FF2027490872FF2126484A
:10ABF0004172C1724FF6FF71C181FF2101748174EE
:10AC00000121017380F82210002180F82310417582
:10AC100001751630016041608160163880F824109B
:10AC200080F82510C1844FF4FA6000F023FC10B1C5
:10AC30004FF0FF30AEE7022000F0ECFA10B14FF019
:10AC4000FF30A7E72A2000F08FFC10B14FF0FF3053
:10AC5000A0E7322000F0CAFC10B14FF0FF3099E7B6
:10AC60000020FFF76BFE10B14FF0FF3092E700209D
:10AC700000F012FB10B14FF0FF308BE7002000F026
:10AC800003FD002086E70000700000202DE9F0435E
:10AC900085B005460E4690469946294890F825000D
:10ACA00020B14FF0FF3005B0BDE8F08316B94FF08A
:10ACB000FF30F8E7002423E0281B102801DD1020D6
:10ACC00000E0281B87B232193946204600F044FDC7
:10ACD00010B14FF0FF30E6E701AA3946204600F0F8
:10ACE0001FF910B14FF0FF30DDE730193A4601A9E6
:10ACF000F5F74DFC10B16FF00100D4E7E01984B214
:10AD0000AC42D9DB4FEA28208DF8000008F0FF00A4
:10AD10008DF801000A4A1268517F094A526810787A
:10AD20006B460222FBF7C0F910B14FF0FF30BAE7D3
:10AD30000121034880F82510A0F826900020B2E7F2
:10AD40007000002038B50446282C02DD4FF0FF309B
:10AD500038BDDCB9002000F0D1FB00208DF80000E8
:10AD600007208DF801003D4A1268517D3B4A526828
:10AD700010786B460222FBF797F910B14FF0FF30C5
:10AD8000E6E70021354801750020E1E7012000F0E9
:10AD9000B5FB012C03D102208DF8000033E0022C1A
:10ADA00003D103208DF800002DE0052C03DC0420E6
:10ADB0008DF8000027E00A2C03DC05208DF8000048
:10ADC00021E0142C03DC06208DF800001BE0282C69
:10ADD00003DC07208DF8000015E0502C03DC082070
:10ADE0008DF800000FE0A02C03DC09208DF8000096
:10ADF00009E0B4F5A07F03DC0A208DF8000002E032
:10AE00000B208DF80000154A1268517A134A5268D7
:10AE100010786B460122FBF747F910B14FF0FF3075
:10AE200096E720208DF800000C4A1268517D0B4AED
:10AE3000526810786B460122FBF736F910B14FF0DB
:10AE4000FF3085E708210548817200210173012147
:10AE500001750020FFF772FD002079E770000020E7
:10AE6000F8B504460F4616462C4890F8240010B951
:10AE70004FF0FF30F8BD2948807A10B94FF0FF300D
:10AE8000F8E7264A1268117B244A526810786B460C
:10AE90000222FBF7ADF810B14FF0FF30EAE79DF862
:10AEA00001009DF8001040EA0125A54203DA0020C8
:10AEB0003070401EDEE7194840684088B5EB600FEF
:10AEC00017DD164A1268D17C144A526810786B4616
:10AED0000122FBF78DF810B14FF0FF30CAE79DF863
:10AEE000000000F0100020B100F05AF86FF00100EF
:10AEF000C0E7E2B2094B1B68597B084B5B681878C6
:10AF00003B46FBF775F810B14FF0FF30B2E795FB09
:10AF1000F4F0401E30700020ACE70000700000200C
:10AF2000F8B504460D46164616B94FF0FF30F8BD89
:10AF30001A48807A10B94FF0FF30F8E720128DF8E8
:10AF40000000E0B28DF801009DF80100284413498B
:10AF500049684989884202DD4FF0FF30E7E70F4A30
:10AF60001268D17E0D4A526810786B460222FBF7B8
:10AF70009BF810B14FF0FF30D9E7EAB2074B1B68DE
:10AF8000197E064B5B6818783346FBF731F810B131
:10AF90004FF0FF30CBE70020C9E700007000002031
:10AFA00008B57048807A10B94FF0FF3008BD002016
:10AFB00000906C4A1268517C6A4A526810786B465D
:10AFC0000122FBF771F810B14FF0FF30EEE7654A50
:10AFD00012685179634A526810786B460122FBF778
:10AFE00063F810B14FF0FF30E0E75E4A1268117964
:10AFF0005C4A526810786B460122FBF755F810B195
:10B000004FF0FF30D2E7574890F82400002853D083
:10B010000C200090534A12681179524A52681078F5
:10B020006B460122FBF740F810B14FF0FF30BDE74F
:10B030003220F6F72EFBC02000904A48807A00F0BC
:10B04000010020B19DF8000040F020000090454A2A
:10B0500012681179434A526810786B460122FBF757
:10B0600023F810B14FF0FF30A0E73E48407C10B10C
:10B070000220009001E0002000903A4A1268517CC2
:10B08000384A526810786B460122FBF70DF810B170
:10B090004FF0FF308AE700200090324A1268517961
:10B0A000304A526810786B460122FAF7FDFF0028FB
:10B0B00055D04FF0FF3079E704200090294A1268FC
:10B0C0001179284A526810786B460122FAF7ECFF92
:10B0D00010B14FF0FF3069E72248807C20B9214849
:10B0E000807A00F0010010B94020009001E060205B
:10B0F00000901C4A126811791A4A526810786B46FF
:10B100000122FAF7D1FF10B14FF0FF304EE73220A5
:10B11000F6F7BFFA1348407C10B10120009001E01F
:10B12000002000900F4A1268517C0E4A5268107835
:10B130006B460122FAF7B8FF10B14FF0FF3035E748
:10B14000084A12685179074A52681078054B103343
:10B150000122FAF7A9FF10B14FF0FF3026E70020D7
:10B1600024E70000700000202DE9F04186B007467A
:10B170008846274890F8240020B1002000F032F9DA
:10B18000012400E0002403A8FFF768FC05A8FFF7EE
:10B190000DFC01A8FFF7B4FC02A8FFF7D9FC1C487E
:10B1A000867A04A8FFF752FC002241463846FEF793
:10B1B0003DFE0725FF2016490872FF211448417201
:10B1C000C1724FF6FF71C181FF21817201740121AB
:10B1D0000173BDF80C0000F04DF99DF8140000F06B
:10B1E00019F8BDF8040000F0BFF9BDF8080000F040
:10B1F000FDF9304600F048FA9DF81000FFF79EFB7D
:10B2000014B1012000F0EEF8284606B0BDE8F08148
:10B210007000002038B504461E48807A10B94FF0FF
:10B22000FF3038BD022C06D0042C07D0082C08D0E3
:10B23000102C0CD108E0002000900BE008200090BA
:10B2400008E01020009005E01820009002E04FF088
:10B25000FF30E6E700BF0F48407A9DF80010B0EBE2
:10B26000E10F01D10020DCE70A4A1268D179094ACE
:10B27000526810786B460122FAF716FF10B14FF0B2
:10B28000FF30CEE79DF80000C11002484172002057
:10B29000C7E700007000002038B504465048807CA5
:10B2A000A04201D1002038BD002C46D04C4A126883
:10B2B00011794B4A526810786B460122FAF798FED2
:10B2C00010B14FF0FF30EEE79DF8000020F02000B5
:10B2D0000090434A12681179414A526810786B46CF
:10B2E0000122FAF7E1FE10B14FF0FF30DBE7032057
:10B2F000F6F7CFF902200090394890F8220020B1EB
:10B300009DF8000040F080000090354890F8230040
:10B3100020B19DF8000040F030000090304A1268E3
:10B32000D17D2F4A526810786B460122FAF7BCFE95
:10B33000002851D04FF0FF30B5E7294A1268117943
:10B34000274A526810786B460122FAF751FE10B175
:10B350004FF0FF30A7E72248807A00F0010028B1C3
:10B360009DF8000040F02000009004E09DF80000EF
:10B3700020F0200000901A4A12681179184A526889
:10B3800010786B460122FAF78FFE10B14FF0FF30B4
:10B3900089E70320F6F77DF9114890F8220010B1F3
:10B3A0008020009001E0002000900D4890F82300DC
:10B3B00020B19DF8000040F030000090084A12686B
:10B3C000D17D074A526810786B460122FAF76CFE6D
:10B3D00010B14FF0FF3066E701488474002062E747
:10B3E0007000002038B50446214890F82400A0429F
:10B3F00001D1002038BD24B31D4890F8250010B9B4
:10B400004FF0FF30F6E7002001F066F80020FFF76C
:10B4100043FF1749C88C00F0E9F800200090144958
:10B42000496808786B4601222321FAF73DFE012185
:10B430000F4880F82410012001F04EF8FFF7B0FD0E
:10B4400013E0002001F048F80948007C009008490A
:10B45000496808786B4601222321FAF725FE00216E
:10B46000034880F82410FFF79BFD0020C2E700008E
:10B470007000002038B504461F48807A10B94FF09C
:10B48000FF3038BDFA2C09D0B4F5FA7F09D0B4F5F5
:10B490007A7F09D0B4F5FA6F0CD108E00020009053
:10B4A0000BE00820009008E01020009005E0182034
:10B4B000009002E04FF0FF30E3E700BF0E48007A53
:10B4C0009DF80010B0EBE10F01D10020D9E70A4A46
:10B4D00012689179084A526810786B460122FAF78F
:10B4E000E3FD10B14FF0FF30CBE79DF80000C01036
:10B4F000014908720020C4E77000002038B50446F6
:10B50000184890F82300A04201D1002038BD14B1A2
:10B510003020009001E0002000901248807C20B193
:10B520009DF8000040F0020000900E4890F82200C4
:10B5300020B19DF8000040F080000090094A126898
:10B54000D17D084A526810786B460122FAF7ACFDAB
:10B5500010B14FF0FF30D9E7024880F823400020B7
:10B56000D4E700007000002038B504461E48807AF9
:10B5700010B94FF0FF3038BDBC2C02DB0120009029
:10B5800015E0622C02DB0220009010E02A2C02DB86
:10B59000032000900BE0142C02DB0420009006E056
:10B5A0000A2C02DB0520009001E0062000900E48E6
:10B5B000C07A9DF80010884201D10020DBE70A4ADA
:10B5C00012689178084A526810786B460122FAF79F
:10B5D0006BFD10B14FF0FF30CDE79DF80010024831
:10B5E000C1720020C7E700007000002038B5044693
:10B5F0002448807A10B94FF0FF3038BD214890F8C8
:10B60000240010B14FF0FF30F7E71E48007D50B125
:10B6100034B1282C04DCE0B2FFF794FB0020ECE707
:10B620000020FFF78FFB042C01DA042404E0B4F5BA
:10B630007A7F01DD4FF47A744FF47A7090FBF4F066
:10B64000401EC0B200900F4A126851780D4A5268ED
:10B6500010786B460122FAF727FD10B14FF0FF304A
:10B66000CBE79DF80000401C4FF47A7191FBF0F09D
:10B6700081B20448C1810146C9894810FFF774FFAF
:10B680000020BAE77000002038B5044604F07000CE
:10B6900010B10120009005E014B10020009001E0FD
:10B6A000402000902B4A1268517D2A4A5268107837
:10B6B0006B460122FAF7F8FC20B10021254881727F
:10B6C000481E38BD9DF8000020F04001214801735C
:10B6D0000020009004F0400020B99DF8000040F0E8
:10B6E0000400009004F0200020B99DF8000040F014
:10B6F0000200009004F0100020B99DF8000040F016
:10B700000100009004F0080020B99DF8000040F00E
:10B71000380000900F4A1268917D0E4A52681078E6
:10B720006B460122FAF7C0FC20B100210948817262
:10B73000481EC6E724B1082C02D00020FFF7DEFE29
:10B7400004488472002101753220F5F7A2FF002021
:10B75000B7E7000070000020F8B504460D46164615
:10B7600016B94FF0FF30F8BD1A48807A10B94FF083
:10B77000FF30F8E720128DF80000E0B28DF80100EC
:10B780009DF801002844134949684989884202DD2F
:10B790004FF0FF30E7E70F4A1268D17E0D4A52683A
:10B7A00010786B460222FAF77FFC10B14FF0FF30A1
:10B7B000D9E7EAB2074B1B68197E064B5B6818781D
:10B7C0003346FAF771FC10B14FF0FF30CBE70020A1
:10B7D000C9E700007000002070B50546FCF75AF973
:10B7E00010B16FF0050404E0002415B1284601F003
:10B7F000EBF8204670BD000010B5FCF74BF910B116
:10B800006FF0050409E00648006820B901200449EA
:10B810000860002401E04FF0FF34204610BD000016
:10B82000E001002070B5FCF735F910B16FF00504A8
:10B830001FE011480068012819D100BF801F0021B6
:10B84000002804DB0A07130E0C4A135406E00A070B
:10B85000150E0B4A00F00F031B1FD55400BF00BF8D
:10B8600002200549086001F02BF9002401E04FF0A7
:10B87000FF34204670BD0000E001002000E400E03D
:10B8800018ED00E02DE9FF47804689461446002068
:10B890000390FCF7FFF800284ED1B8F1000F4BD011
:10B8A000802618258246471E44B3206808B1D4F884
:10B8B00000A0A06900B1A5692DB1382D03D8207969
:10B8C00000F0010018B1002004B0BDE8F087606905
:10B8D00008B160698608A06840B1E0685C2805D3BB
:10B8E000206918B1606908B1012708E0A06830B983
:10B8F000E06820B9206910B9002700E00027012F77
:10B900000CD12169A0684B463246CDE90051029026
:10B910005146404601F088FD03900DE067B903A849
:10B92000B2B24B465146CDE90050404601F04AFDC7
:10B93000012801D0002003900398C5E72DE9F041CC
:10B9400005460E461648076816480068001D00F0B8
:10B95000B2FE681C38B936B112480168091D124898
:10B9600000F000FF1AE07C190E4800684460BC42F9
:10B9700007D20C480168091D0C48006800F0D8FE89
:10B980000CE008480168091D0948006800F0D0FE75
:10B9900008480068844201D206480460BDE8F0818E
:10B9A000A401002090010020B03800209801002060
:10B9B00094010020C001002010B5044600F0DEFE16
:10B9C00024480068401C234908602348006840B9A7
:10B9D000214804600846006801280DD100F0FCF9F8
:10B9E0000AE01E48006838B91B480068C06AE16A6E
:10B9F000884201D81848046019480068401C18495A
:10BA000008600846006860641649E06A0968884270
:10BA100002D91449E06A0860E16A01EB8101124A27
:10BA200002EB8100211D00F09DFE00F0D1FE0B48CD
:10BA3000006868B108480068C06AE16A884207D2B5
:10BA40004FF0805009490860BFF34F8FBFF36F8FED
:10BA500010BD0000A001002090010020AC010020DA
:10BA6000BC010020A80100200034002004ED00E00B
:10BA700008B500F083FE12480068E8B9114800F0EC
:10BA800047FE114800F044FE0E48104908600E4879
:10BA90000F49086000200F4B0F4A102100900A2028
:10BAA00001F088F9064908600846006820B10BA13A
:10BAB0000348006800F04CFF00F08AFE08BD00005B
:10BAC000D4010020C4380020D8380020CC01002048
:10BAD000D0010020EC3800203C390020546D725118
:10BAE0000000000010B516E000F048FE0C48C068E9
:10BAF000C468201D00F0DFFD0A480068401E0949A7
:10BB0000086009480068401E0749086000F060FEB0
:10BB1000204600F05FF8044800680028E4D110BD1A
:10BB20009C380020A00100209C01002070B5044634
:10BB30000D46206C70B1216CE0680144E160D4E9ED
:10BB40000210884201D32168E1602846226CE16836
:10BB5000F4F749FD70BD2DE9F04104460F46154646
:10BB60004FF00008A66B206C48B9206800282CD143
:10BB7000A06801F06FFD80460020A06025E07DB93F
:10BB80003946226C6068F4F72EFD216C6068084429
:10BB90006060D4E90101884217D32068606014E036
:10BBA0003946226CE068F4F71EFD216CE068411A0A
:10BBB000E1602168E068884203D2216CA068411AE4
:10BBC000E160022D01D106B1761E701CA0634046D3
:10BBD000BDE8F08110B5044694F8590030B9206BE7
:10BBE00000F014FE204600F011FE1AE094F859000F
:10BBF000012803D1204600F009FE12E094F8590014
:10BC0000022801D1012000E0002050B900BF5020DF
:10BC100080F31188BFF34F8FBFF36F8F00BF00BF5A
:10BC2000FEE710BD0146084A126812680AB90122EF
:10BC300000E000220A600A6822B9034A1268D2684A
:10BC4000106800E000207047CC01002030B54FF4B0
:10BC50007053174800F007042CB1C01D20F00700F6
:10BC6000134C041B1B1B0246124C22600024114D76
:10BC70006C60D018083820F007000F4C20600024BA
:10BC80000D4D2D686C600C4D2D682C601146441ACA
:10BC90004C60094C24680C60084D4C682C60084DC1
:10BCA0004C682C604FF00044064D2C6030BD000005
:10BCB00094400020E4010020EC010020F401002069
:10BCC000F00100200002002000BFFFF70BFF064834
:10BCD00000680128F9D94FF0805004490860BFF38B
:10BCE0004F8FBFF36F8FF0E70034002004ED00E0CA
:10BCF0002DE9F04106460D4617469846069C0DB9BB
:10BD0000246000E02760E66325640121204601F0FD
:10BD1000C1F884F84C80BDE8F0812DE9F05F8246DF
:10BD20000E4690469B460A9F0C9C4FEA8801A5222E
:10BD3000206BF4F7CFFCA8F10100216B01EB800927
:10BD400029F0070909F0070008B9012000E00020E8
:10BD500050B900BF502080F31188BFF34F8FBFF35D
:10BD60006F8F00BF00BFFEE786B1002507E0715D61
:10BD700004F134004155705D00B902E06D1C102DD6
:10BD8000F5D300BF00214320015502E0002084F8D4
:10BD90003400382F00D33727E762E764002020659E
:10BDA000201D00F0C2FC04F1180000F0BEFC24616C
:10BDB000C7F13800A06164620020606584F8580013
:10BDC0005A465146484600F071FB20600B9808B176
:10BDD0000B980460BDE8F09F10B5002407E004EB69
:10BDE00084010F4A02EB810000F092FC641C382CA5
:10BDF000F5D30C4800F08CFC0B4800F089FC0B4894
:10BE000000F086FC0A4800F083FC0A4800F080FC41
:10BE100004480949086004480849086010BD00004A
:10BE2000003400206038002074380020883800205A
:10BE30009C380020B0380020940100209801002098
:10BE400010B50146164800E0006803688B42FBD33A
:10BE50000246436813448B4204D143684C68234430
:10BE6000436001460A464B6813440468A34211D15B
:10BE70000C4C03682468A34208D04B6804686468CB
:10BE800023444B6003681B680B6005E0054B1B688F
:10BE90000B6001E003680B60884200D0016010BDB8
:10BEA000E4010020EC0100202DE9F04104460D469C
:10BEB00016461F464FF0000865602461B5420CD855
:10BEC000F01BA169884202D34FF0010811E0211D47
:10BED0000948006800F02CFC0BE0BE4204D2BD42D1
:10BEE00002D34FF0010804E0211D0448006800F06F
:10BEF0001FFC4046BDE8F081D0010020CC010020AD
:10BF000070B5054600F03AFCA86B08B9012400E0C2
:10BF1000002400F05DFC204670BD70B5054600F0C1
:10BF20002DFCA86BE96B884201D1012400E00024BC
:10BF300000F04EFC204670BDF8B505460F461A4885
:10BF40000068C068C468201D00F0B5FB94F82800A4
:10BF500000F00400E8B1A06941192B463A4620469A
:10BF6000FFF7A2FFD8B1002003462A460146009001
:10BF7000204601F0CBFC064656B900BF502080F3A6
:10BF80001188BFF34F8FBFF36F8F00BF00BFFEE775
:10BF900005E094F8280020F0010084F828002046ED
:10BFA000216A8847F8BD0000CC010020F0B587B0B9
:10BFB000A0E00398002811DA04AE56B900BF502063
:10BFC00080F31188BFF34F8FBFF36F8F00BF00BFA7
:10BFD000FEE7D6E90020B168904700BF039800282B
:10BFE000E6DB059C606908B9012000E0002010B97B
:10BFF000201D00F060FB02A800F0DEF80546039863
:10C000000A2875D2DFE800F0090507394163060800
:10C010003A4200BF00BF00BF00BF94F8280040F0C4
:10C02000010084F828000498A269811803462A4672
:10C030002046FFF739FFF8B12046216A884794F877
:10C04000280000F00400B8B1002000900498A16915
:10C05000421800231946204601F058FC074657B9FC
:10C0600000BF502080F31188BFF34F8FBFF36F8F55
:10C0700000BF00BFFEE700BF3BE000BF94F8280010
:10C0800020F0010084F8280033E000BF94F8280075
:10C0900040F0010084F828000498A061A06908B16C
:10C0A000012000E0002050B900BF502080F311882B
:10C0B000BFF34F8FBFF36F8F00BF00BFFEE7A069D4
:10C0C00041192B462A462046FFF7EEFE11E094F870
:10C0D000280000F0020018B9204600F097FB05E0A8
:10C0E00094F8280020F0010084F8280001E0FFE720
:10C0F00000BF00BF002203A90448006801F068F8EF
:10C1000000287FF456AF07B0F0BD0000D401002036
:10C11000F8B505460C4600F02FFD684600F04CF8D7
:10C120000646009820BB44B9B54206D801F030FB62
:10C1300031462846FFF700FF1CE03CB10E4800687E
:10C14000006808B9012000E000200446A91B22462F
:10C150000A48006800F012FC01F01AFB50B94FF0D9
:10C16000805007490860BFF34F8FBFF36F8F01E026
:10C1700001F00EFBF8BD0000D0010020D40100202A
:10C1800004ED00E00A490968096809B9012100E0E5
:10C19000002121B14FF0FF31064A116006E0044949
:10C1A0000968C968C868034A41681160704700009F
:10C1B00094010020C001002070B5044601F0A2F9EE
:10C1C000054607480068854204D200F00BF80120BC
:10C1D000206001E00020206001480560284670BD15
:10C1E000DC0100202DE9F84334E025480068C068F0
:10C1F000056823480068C068C468201D00F05BFA29
:10C200002046216A884794F8280000F0040008B30B
:10C21000A0694619AE4207D966602461211D1848FD
:10C22000006800F085FA15E0002003462A46014622
:10C230000090204601F06AFB074657B900BF502026
:10C2400080F31188BFF34F8FBFF36F8F00BF00BF24
:10C25000FEE700BF0A480068006808B9012000E056
:10C2600000200028C1D00648D0F8008005480068AA
:10C27000034908600348C0F80080BDE8F883000067
:10C28000CC010020D00100200E480068401C08B9F5
:10C29000012000E0002050B900BF502080F3118839
:10C2A000BFF34F8FBFF36F8F00BF00BFFEE700BF2C
:10C2B000502080F31188BFF34F8FBFF36F8F00BF03
:10C2C00000BFFEE70402002008B500BF6846FFF784
:10C2D000A9FC044620460099FFF71AFFFFF766FE07
:10C2E000F4E770B5044600F049FA94F9455010E0BF
:10C2F000606A08B9012000E0002038B904F1240088
:10C3000001F0FAF918B100F099FB00E003E0681EB3
:10C3100045B2002DECDC00BFFF2084F8450000F0A2
:10C3200057FA00F02BFA94F9445010E0206908B94C
:10C33000012000E0002048B904F1100001F0DCF910
:10C3400008B100F07BFB681E45B200E001E0002D63
:10C35000ECDC00BFFF2084F8440000F039FA70BD27
:10C360002DE9F04104464FF0000800F005FC494873
:10C37000006808B9FFF76AFC4748006820400028B9
:10C3800070D1D4B1083404F00700B0B104F0070054
:10C39000C0F10800044404F0070008B9012000E0DF
:10C3A000002050B900BF502080F31188BFF34F8F99
:10C3B000BFF36F8F00BF00BFFEE7002C52D037489D
:10C3C000006884424ED8364E3046056801E02E465D
:10C3D0002D686868A04202D228680028F7D12D484D
:10C3E000006885423ED0306800F108082868306057
:10C3F0006868001B102819D92F1907F0070008B921
:10C40000012000E0002050B900BF502080F31188C7
:10C41000BFF34F8FBFF36F8F00BF00BFFEE76868A9
:10C42000001B78606C603846FFF70AFD1B4968689E
:10C430000968081A19490860084600681949096816
:10C44000884203D215480068164908601249686896
:10C450000968084368600020286013480068401C91
:10C460001149086001F094F908F0070008B90120AB
:10C4700000E0002050B900BF502080F31188BFF3C6
:10C480004F8FBFF36F8F00BF00BFFEE74046BDE890
:10C49000F0810000EC01002000020020F0010020EB
:10C4A000E4010020F4010020F8010020001F4FF0FB
:10C4B00080730360001F21F001030360001F054B20
:10C4C000036014380260001F6FF00203036020381D
:10C4D0007047000089C2000838B50446214890F82A
:10C4E0002400C0B114B10220009001E000200090AF
:10C4F0001C4A1268517C1B4A526810786B46012214
:10C50000F9F7D2FD10B14FF0FF3038BD9DF80010A3
:10C510001448417423E01348807A10B94FF0FF307B
:10C52000F3E724B10F48407C08B10020EDE714B1D7
:10C530000120009001E0002000900A4A1268517C1E
:10C54000084A526810786B460122F9F7ADFD10B128
:10C550004FF0FF30D9E79DF80010024841740020E9
:10C56000D3E700007000002010B52DED028BF0EE37
:10C57000408AB0EE608AF5EEC08AF1EE10FA0DD86E
:10C58000B1EE680A00F03AF8044621460020F9F7B7
:10C59000BDFC00210420F9F7B9FC0CE0002108469D
:10C5A000F9F7B4FCB0EE680A00F028F8044621461A
:10C5B0000420F9F7ABFCB5EEC08AF1EE10FA0DDB02
:10C5C000B0EE480A00F01AF8044621460820F9F7B0
:10C5D0009DFC00210C20F9F799FC0CE000210820BB
:10C5E000F9F794FCB1EE480A00F008F80446214639
:10C5F0000C20F9F78BFCBDEC028B10BDB7EE001AD6
:10C60000B4EEC10AF1EE10FA03DDB7EE001AB0EE97
:10C61000410ABFEE001AB4EEC10AF1EE10FA03D2DD
:10C62000BFEE001AB0EE410A0648D0ED030AB0EEA4
:10C63000C01AF8EE601A21EE211ABCEEC11A11EEF2
:10C64000100A70474003002000B52DED048B83B025
:10C6500041EC190B01F0F8FD41EC180B18EE100A33
:10C6600018EE901A8DED008B002818BF01200843AA
:10C6700020F00040C0F17F6000F1E040C00F14D016
:10C6800019EE101A19EE900A8DED009B002918BFC3
:10C690000121084320F00040C0F17F6000F1E0403C
:10C6A000C00F04BF0120F4F7C0F851EC180B03B021
:10C6B000BDEC048B00BD01460A69D1E901309860E8
:10C6C000D1E9010358605068884201D18868506000
:10C6D000002008611068401E10601068704700005C
:10C6E000034B0360034B0B60802313607047000013
:10C6F000DC390020383A0020034B0360034B0B6009
:10C700004FF4807313607047383C0020943C002045
:10C7100000F1080141604FF0FF31816000F1080134
:10C72000C160016100210160704700210161704713
:10C7300010B502460B685C1C0CB9106907E002F1E9
:10C74000080000E04068446824689C42FAD94468C4
:10C750004C604C68A160886041600A611468641C88
:10C76000146010BD42684A6093688B60936859609A
:10C770009160086103685B1C0360704700BF502034
:10C7800080F31188BFF34F8FBFF36F8F00BF0E4848
:10C790000068401C0C49086008460068012812D156
:10C7A0000A480068C0B208B9012000E0002050B972
:10C7B00000BF502080F31188BFF34F8FBFF36F8FFE
:10C7C00000BF00BFFEE770470402002004ED00E058
:10C7D0000D48006850B900BF502080F31188BFF3A6
:10C7E0004F8FBFF36F8F00BF00BFFEE706480068A2
:10C7F000401E054908600846006820B9002080F303
:10C80000118800BF00BF70470402002070B50646C3
:10C810003546002E44D0083D2C4622496068096800
:10C82000084008B1012000E0002050B900BF5020AE
:10C8300080F31188BFF34F8FBFF36F8F00BF00BF2E
:10C84000FEE7206808B9012000E0002050B900BFD1
:10C85000502080F31188BFF34F8FBFF36F8F00BF5D
:10C8600000BFFEE70F49606809680840C0B1206852
:10C87000B0B90C49606809688843606000F07CF9D1
:10C880000949606809680844074908602046FFF7BD
:10C89000D7FA06480068401C0449086000F078FF99
:10C8A00070BD000000020020F0010020FC0100200B
:10C8B00000204FF0E021086188610648006842F2DC
:10C8C0001071B0FBF1F0401E4FF0E02148610720ED
:10C8D000086170476C00002070B5F3F743FD044613
:10C8E000102C16D304F1E02090F8F053154800788E
:10C8F000854201DB012000E0002050B900BF50203C
:10C9000080F31188BFF34F8FBFF36F8F00BF00BF5D
:10C91000FEE70D48006800F4E0600C4909688842B1
:10C9200001D8012000E0002050B900BF502080F362
:10C930001188BFF34F8FBFF36F8F00BF00BFFEE7BB
:10C9400070BD0000080200200CED00E00C02002089
:10C95000024600200BE0084B53F8303033B9064B49
:10C9600043F8301003EBC0035A6002E0401C082873
:10C97000F1D300BF70470000C03300202DE9F04123
:10C9800005460E4617462C46FFF7F8FE94F944007C
:10C99000401C10B9002084F8440094F94500401C64
:10C9A00010B9002084F84500FFF712FFA06B28B9EA
:10C9B0003A46314604F1240000F062F82046FFF7C1
:10C9C00090FCBDE8F081000070B504460025D4B1AC
:10C9D0001248006808B9012000E0002050B900BFEB
:10C9E000502080F31188BFF34F8FBFF36F8F00BFCC
:10C9F00000BFFEE700F0C0F800212046FEF79EFFD2
:10CA000000F0C6FE05463DB94FF08050044908606D
:10CA1000BFF34F8FBFF36F8F70BD0000C8010020C0
:10CA200004ED00E0034909680160034909684160B9
:10CA300070470000B8010020A40100200120014936
:10CA400008607047B401002070B504460D4654B923
:10CA500000BF502080F31188BFF34F8FBFF36F8F5B
:10CA600000BF00BFFEE70548016818312046FFF708
:10CA70005FFE01212846FEF761FF70BD9001002096
:10CA800070B505460E46144655B900BF502080F3D8
:10CA90001188BFF34F8FBFF36F8F00BF00BFFEE75A
:10CAA0000648016818312846FFF75CFE0CB14FF0CC
:10CAB000FF3621463046FEF741FF70BD9001002051
:10CAC00010B586B000200590049003AA04A905A81B
:10CAD000FFF706FE0022DDE904101346CDE9002130
:10CAE00002901EA11F48039A00F09EFC1E49086098
:10CAF0000846006808B1012400E00024012C02D19E
:10CB000000F0C8FE0446012C15D100BF502080F370
:10CB10001188BFF34F8FBFF36F8F00BF4FF0FF300F
:10CB2000124908600120124908600020114908607C
:10CB300000F072F810E0601C08B1012000E0002055
:10CB400050B900BF502080F31188BFF34F8FBFF35F
:10CB50006F8F00BF00BFFEE706B010BD49444C45D3
:10CB600000000000C9BC0008C4010020C001002072
:10CB7000AC010020A401002002480068401C0149CB
:10CB800008607047C80100201E48006818B10120E5
:10CB90001D49086034E000201B4908601B480168FB
:10CBA0000CE051B900BF502080F31188BFF34F8FC4
:10CBB000BFF36F8F00BF00BFFEE7491E01EB81008E
:10CBC000134A52F8200008B9012000E00020002894
:10CBD000E7D101EB81020E4B03EB82004268526801
:10CBE000426000F108024368934202D142685268F1
:10CBF00042604268D268074B1A600448016000BF77
:10CC000070470000C8010020B4010020A8010020E6
:10CC100000340020900100201CB5524800685249A1
:10CC2000884201D0012000E0002050B900BF502010
:10CC300080F31188BFF34F8FBFF36F8F00BF00BF2A
:10CC4000FEE7484800684849491E884201D0012053
:10CC500000E0002050B900BF502080F31188BFF3DE
:10CC60004F8FBFF36F8F00BF00BFFEE73F490846FD
:10CC700000780190FF200A46107008460078009066
:10CC80009DF8000000F0F0009DF80020904201D1D6
:10CC9000012000E0002050B900BF502080F311882F
:10CCA000BFF34F8FBFF36F8F00BF00BFFEE79DF84C
:10CCB000000000F050002E4A107007202D4A10602E
:10CCC00009E02C480068401E2A4A10609DF80000C8
:10CCD0004006000E00909DF8000000F080008028C3
:10CCE000EFD024480068C0F10700042801D10120DA
:10CCF00000E0002050B900BF502080F31188BFF33E
:10CD00004F8FBFF36F8F00BF00BFFEE71948006869
:10CD10000002184A10601046008800F4E0601060BD
:10CD2000124A019810700F482030006840F47000DB
:10CD30000C49203108600846006840F070400860E7
:10CD4000FFF7B6FD00200C490860F3F7D3FA0B4853
:10CD5000006840F0404009490860F3F7B7FA002046
:10CD60001CBD000000ED00E071C20F4100E400E0D6
:10CD7000080200200C0200200402002034EF00E032
:10CD800010B500BF502080F31188BFF34F8FBFF361
:10CD90006F8F00BF00F0BCFB18B14FF0805004490A
:10CDA000086000BF002080F3118800BF10BD0000A4
:10CDB00004ED00E02DE9F84380460E4617461D4677
:10CDC000DDF82090B8F1000F01D0012000E0002034
:10CDD00050B900BF502080F31188BFF34F8FBFF3CD
:10CDE0006F8F00BF00BFFEE70DB1012000E0002003
:10CDF00050B900BF502080F31188BFF34F8FBFF3AD
:10CE00006F8F00BF00BFFEE707B10EB1012000E049
:10CE1000002050B900BF502080F31188BFF34F8F1E
:10CE2000BFF36F8F00BF00BFFEE707B90EB9012047
:10CE300000E0002050B900BF502080F31188BFF3FC
:10CE40004F8FBFF36F8F00BF00BFFEE750200090F1
:10CE50000098502801D1012000E0002050B900BF07
:10CE6000502080F31188BFF34F8FBFF36F8F00BF47
:10CE700000BFFEE700BF2C464CB1012084F84600FD
:10CE80004B463A46314640460094FEF731FF204675
:10CE9000BDE8F88370B505460E462C4654B900BF70
:10CEA000502080F31188BFF34F8FBFF36F8F00BF07
:10CEB00000BFFEE7FFF762FCD4E90F12206801FB18
:10CEC0000200A0600020A06320686060E06B401E4C
:10CED000226C216800FB0211E160FF2084F844000D
:10CEE00084F845009EB9206908B9012000E00020BF
:10CEF000A8B904F1100000F0FFFB80B14FF08050A2
:10CF000009490860BFF34F8FBFF36F8F07E004F14B
:10CF10001000FFF7FDFB04F12400FFF7F9FBFFF71A
:10CF200057FC012070BD000004ED00E02DE9FF4337
:10CF300083B0064688461D464FF00009344654B972
:10CF400000BF502080F31188BFF34F8FBFF36F8F66
:10CF500000BF00BFFEE7B8F1000F01D1206C08B997
:10CF6000012000E0002050B900BF502080F311885C
:10CF7000BFF34F8FBFF36F8F00BF00BFFEE7022DDF
:10CF800002D1E06B012801D1012000E0002050B95E
:10CF900000BF502080F31188BFF34F8FBFF36F8F16
:10CFA00000BF00BFFEE700F09DFA08B9059808B978
:10CFB000012000E0002050B900BF502080F311880C
:10CFC000BFF34F8FBFF36F8F00BF00BFFEE700BFFF
:10CFD000FFF7D4FBA06BE16B884201D3022D28D16F
:10CFE0002A4641462046FEF7B6FD0746606A08B964
:10CFF000012000E0002068B904F1240000F07CFB6F
:10D0000088B14FF0805032490860BFF34F8FBFF3B3
:10D010006F8F08E03FB14FF080502D490860BFF39B
:10D020004F8FBFF36F8FFFF7D3FB012007B0BDE831
:10D03000F083059818B9FFF7CBFB0020F6E7B9F1AC
:10D04000000F04D101A8FFF7EDFC4FF00109FFF735
:10D05000BFFBFFF791FDFFF791FB94F94400401CE3
:10D0600010B9002084F8440094F94500401C10B920
:10D07000002084F84500FFF7ABFB05A901A800F0EC
:10D080005BF9F0B92046FEF748FFA0B104F11000AB
:10D090000599FFF7D9FC2046FFF723F900F078FB4C
:10D0A000002895D14FF0805009490860BFF34F8F99
:10D0B000BFF36F8F8CE72046FFF713F900F068FB92
:10D0C00086E72046FFF70DF900F062FB0020ADE790
:10D0D00004ED00E02DE9F84F07468A4690461E46CB
:10D0E0003C4654B900BF502080F31188BFF34F8FE6
:10D0F000BFF36F8F00BF00BFFEE7BAF1000F01D191
:10D10000206C08B9012000E0002050B900BF502079
:10D1100080F31188BFF34F8FBFF36F8F00BF00BF45
:10D12000FEE7022E02D1E06B012801D1012000E0D0
:10D13000002050B900BF502080F31188BFF34F8FFB
:10D14000BFF36F8F00BF00BFFEE7FFF7C5FB00BF57
:10D150005021EFF3118081F31188BFF34F8FBFF39C
:10D160006F8F00BF0546A06BE16B884201D3022E92
:10D1700025D194F945B0A06B009032465146204627
:10D18000FEF7E9FC0BF1010088B9606A08B90120DB
:10D1900000E0002050B904F1240000F0ADFA28B1FD
:10D1A000B8F1000F02D00120C8F8000004E00BF134
:10D1B000010040B284F845004FF0010901E04FF052
:10D1C000000900BF85F3118800BF4846BDE8F88F0D
:10D1D0002DE9F74183B005460E464FF000082C4676
:10D1E00054B900BF502080F31188BFF34F8FBFF3B5
:10D1F0006F8F00BF00BFFEE70EB9206C08B9012099
:10D2000000E0002050B900BF502080F31188BFF328
:10D210004F8FBFF36F8F00BF00BFFEE700F062F9D2
:10D2200008B9059808B9012000E0002050B900BFF6
:10D23000502080F31188BFF34F8FBFF36F8F00BF73
:10D2400000BFFEE700BFFFF799FAA76BF7B13146C1
:10D250002046FEF76BFC781EA063206908B9012008
:10D2600000E0002060B904F1100000F045FA38B188
:10D270004FF080502F490860BFF34F8FBFF36F8F7F
:10D28000FFF7A6FA012006B0BDE8F081059818B9AD
:10D29000FFF79EFA0020F6E7B8F1000F04D101A8CD
:10D2A000FFF7C0FB4FF00108FFF792FAFFF764FCAD
:10D2B000FFF764FA94F94400401C10B9002084F888
:10D2C000440094F94500401C10B9002084F8450042
:10D2D000FFF77EFA05A901A800F02EF8F0B9204664
:10D2E000FEF70EFEA0B104F124000599FFF7ACFB98
:10D2F0002046FEF7F6FF00F04BFA0028A3D14FF0CE
:10D3000080500C490860BFF34F8FBFF36F8F9AE7CF
:10D310002046FEF7E6FF00F03BFA94E72046FEF7D2
:10D32000E0FF00F035FA2046FEF7EAFD00288AD03B
:10D330000020A8E704ED00E070B505460C4655B99D
:10D3400000BF502080F31188BFF34F8FBFF36F8F62
:10D3500000BF00BFFEE754B900BF502080F3118822
:10D36000BFF34F8FBFF36F8F00BF00BFFEE7FFF724
:10D3700005FA124802686868131A2068401C08B948
:10D38000002617E00E4928680968884204D06868BA
:10D39000904201D801260DE02068984207D9206804
:10D3A000C01A20602846FFF73DFB002602E000205F
:10D3B00020600126FFF70CFA304670BDA401002062
:10D3C000B80100202DE9FF4F85B0804689461746F9
:10D3D000DDE912ABB800FEF7C3FF064656B15C208C
:10D3E000FEF7BEFF04460CB1266304E03046FFF7AB
:10D3F0000DFA00E000248CB1002084F85900CDE93A
:10D4000000ABCDE902403A4649464046089BFEF74C
:10D4100084FC2046FEF7D0FA012501E04FF0FF35ED
:10D42000284609B0BDE8F08F2DE9F04F85B00746DA
:10D43000884691469A46DDE90EB6109C0EB1012051
:10D4400000E0002050B900BF502080F31188BFF3E6
:10D450004F8FBFF36F8F00BF00BFFEE70CB10120FD
:10D4600000E0002050B900BF502080F31188BFF3C6
:10D470004F8FBFF36F8F00BF00BFFEE75C200390AC
:10D4800003985C2801D1012000E0002050B900BFC2
:10D49000502080F31188BFF34F8FBFF36F8F00BF11
:10D4A00000BFFEE700BFB4B1AEB125462C462E63E7
:10D4B000022085F85900002004A953464A46CDE9C8
:10D4C00000B1CDE9025041463846FEF726FC284619
:10D4D000FEF772FA01E000200490049805B0BDE860
:10D4E000F08F00000549096809B9012005E00449E9
:10D4F000096809B9022000E000207047AC01002053
:10D50000C80100200149086870470000A4010020FC
:10D510002DE9F0414FF000084348006800287BD116
:10D5200042480068451C4148056015BB40480068FA
:10D53000006808B9012000E0002050B900BF502069
:10D5400080F31188BFF34F8FBFF36F8F00BF00BF11
:10D55000FEE73748076837480068354908603548AE
:10D56000076035480068401C33490860FEF70AFE32
:10D5700000BF3248006885423BD300BF2C4800689A
:10D58000006808B9012000E0002020B14FF0FF3012
:10D590002A4908602CE026480068C068C4686668AC
:10D5A000B54202D22548066022E0201DFFF783F82D
:10D5B000A06A18B104F11800FFF77DF82049E06A6D
:10D5C0000968884202D91E49E06A0860E16A01EBF5
:10D5D00081011C4A02EB8100211DFFF7C3F81A49A3
:10D5E000E06A0968C96A8842C8D34FF00108C5E7F4
:10D5F00000BF15480068C06A00EB8000114951F86F
:10D600002000012801D94FF001081048006808B136
:10D610004FF0010805E0FFE70D480068401C0C4989
:10D6200008604046BDE8F081C8010020A401002048
:10D630009401002098010020B8010020C0010020C2
:10D64000A80100200034002090010020B401002037
:10D65000B001002070B505462C460026002D43D0B1
:10D6600022480068844201D1012000E0002050B926
:10D6700000BF502080F31188BFF34F8FBFF36F8F2F
:10D6800000BF00BFFEE7206D50B900BF502080F3FF
:10D690001188BFF34F8FBFF36F8F00BF00BFFEE74E
:10D6A000206D401E2065E16CE06A88421CD0206D30
:10D6B000D0B9201DFEF7FFFFE06CE062E06AC0F128
:10D6C0003800A0610A49E06A0968884202D908491D
:10D6D000E06A0860E16A01EB8101064A02EB810021
:10D6E000211DFFF73FF80126304670BD9001002054
:10D6F000A80100200034002070B50646F068C46818
:10D7000054B900BF502080F31188BFF34F8FBFF38F
:10D710006F8F00BF00BFFEE704F11800FEF7CBFFDC
:10D7200015480068A0B9201DFEF7C5FF1349E06A3F
:10D730000968884202D91149E06A0860E16A01EB90
:10D7400081010F4A02EB8100211DFFF70BF804E075
:10D7500004F118010B48FFF705F80B49E06A096866
:10D76000C96A884204D9012501200849086000E0FF
:10D770000025284670BD0000C8010020A801002037
:10D78000003400208838002090010020B4010020DF
:10D7900070B5002400263648006850B900BF5020FC
:10D7A00080F31188BFF34F8FBFF36F8F00BF00BFAF
:10D7B000FEE7FEF7E3FF2E480068401E2C49086094
:10D7C0000846006800284ED12A48006800284AD040
:10D7D00023E02948C068C46804F11800FEF76BFF15
:10D7E000201DFEF768FF2549E06A0968884202D9D2
:10D7F0002249E06A0860E16A01EB8101204A02EBFC
:10D800008100211DFEF7AEFF1E49E06A0968C96A62
:10D81000884202D301201C4908601748006808B9F3
:10D82000012000E000200028D3D00CB1FEF7AAFCB4
:10D830001648056865B100BFFFF76AFE10B1012008
:10D84000114908606D1E002DF6D100200F490860B7
:10D850000D48006838B1012630070D490860BFF354
:10D860004F8FBFF36F8FFEF7B3FF304670BD0000E0
:10D87000C8010020A001002088380020A801002055
:10D880000034002090010020B4010020B0010020ED
:10D8900004ED00E010B586B00024FEF7E9F8164864
:10D8A0000068D0B100200590049003AA04A905A83F
:10D8B000FEF722FF0222DDE904100023CDE900215A
:10D8C00002900EA10F48039AFFF7AEFD0E490860C3
:10D8D0000846006800B1012400BF54B900BF5020C1
:10D8E00080F31188BFF34F8FBFF36F8F00BF00BF6E
:10D8F000FEE7204606B010BDD4010020546D722012
:10D9000053766300C9C20008D80100202DE9FF4703
:10D9100004460D4616461F46DDF830804FF00009DC
:10D9200054B900BF502080F31188BFF34F8FBFF36D
:10D930006F8F00BF00BFFEE71448006810B300956A
:10D9400001960294062D15DAFFF7CCFD022808D1C6
:10D950000023424669460D480068FFF7E7FA814612
:10D9600010E000231A46694608480068FFF7DEFA0F
:10D97000814607E000233A46694604480068FFF7FD
:10D98000A9FB8146484604B0BDE8F087D4010020D9
:10D9900081F00041704780F00040704721F0004165
:10D9A000704720F00040704721F00042A2F1605221
:10D9B000B2F5801F01F0004328BFD2F17F6C0BD974
:10D9C0005FEA001C43EAC20242EB507018BF704786
:10D9D00028BF20F001007047B2F5801FBCBF184679
:10D9E00070474FEA410C1CF5001F02D2084600F0B8
:10D9F00057BE70B500F092FB00000089FFF7F6BF3C
:10DA00004FF00040A0F580007047000010B591EA8B
:10DA1000030F48BF83F0004300F1EA84841A71EBDE
:10DA2000030C05D2121943EB0C03001B61EB0C0134
:10DA3000DFF824E14FEA1154A4EB135C1EEA430F14
:10DA400018BF9EEA445F73D023EA0E03DCF1200E78
:10DA500021EA045143F4801332D322FA0CFE10EB76
:10DA60000E0023FA0CFE41EB0E01CCF1200E03FA5E
:10DA70000EFE10EB0E0051F10001B1F5801FCCF14C
:10DA8000200E32D201EB045112FA0EF2BDE8104022
:10DA900058BF7047401C38BF5FEA420218BF70474A
:10DAA000002814BF20F0010041F100014FEA4103BA
:10DAB00013F5001F38BF7047A1F1C04100F07CBBD7
:10DAC000012A43EB0302ACF1200CDCF11F0E32BF44
:10DAD0004FF0000E23FA0CF310EB030041EB04515E
:10DAE000B4EB115FD0D0A1EB045101F580114908CE
:10DAF0005FEA300001EB04510ED350F1000038BF53
:10DB000012FA0EFE08D1BDE81040C9E7401C38BF2C
:10DB10005FEA4202CAD1C3E7BDE810404FEA4103C1
:10DB200013F5001F38BF7047A1F1C04100F044BB9E
:10DB30009EEA445F08D011EA5E0FBDE8104004BFC2
:10DB400001F0004100207047BDE8104070B500F0C2
:10DB5000E5FA00BF64FBBE3E0000E0FF491058BF7D
:10DB6000C1F140415B1058BFC3F140438B42EFF31A
:10DB7000008070472DE9C04130B4DFF8A0C23CEA14
:10DB8000111418BF3CEA131400F0EC8081EA03057D
:10DB90001CEA111444EAD57418BF1CEA131500F0EE
:10DBA000C780A4EB05044FF0004545EAC12145EAD2
:10DBB000C32341EA505143EA525304F17F7499421E
:10DBC00004F500344FEAC0204FEAC22208BF904259
:10DBD00000F09C804FEA13650FF24016765D4FEA25
:10DBE000134506FB05F7C7F1807706FB07F74FEAF9
:10DBF000D737A7FB03687642C8F58038A7FB06CE67
:10DC000038BFA8F1010807FB08E64FF0000EA6FB9D
:10DC1000028CE6FB03CEDCF1000CCEF1004E38BFE7
:10DC2000AEF1010EA6FB0C584FF000074FF00005B7
:10DC3000E6FB0E87A1FB08C6A0FB07CE16EB0E067F
:10DC400045F10005E1FB076515F1E04E7EBFA4F547
:10DC500080345FEA46066D4116F1800745F1000504
:10DC60004FEA17274FEA066647EA0567A6F1DE4640
:10DC7000B6F1805F4FEA15251FD9384624F0010C14
:10DC800005EBC471BCF1FE6F01EB0C1102D8F0BCC6
:10DC9000BDE8008124425CBF01F5801E9EEAC47F7E
:10DCA00002D4F0BCBDE80081244238D4F0BCA1F11C
:10DCB000C041BDE8004100F07FBA4FEAD22242EAFB
:10DCC00043524FEAD323A7FB02864FEAD02040EA13
:10DCD000415007FB03661EEA0E0F4FEAD12105FBF8
:10DCE000026658BFA6EB0056B6EB00564FEA520E3E
:10DCF0004EEAC37E18EB0E0E56EB530EBDD518EB55
:10DD000002085E417F1C55F10005B6E74FF480150F
:10DD10004FF000074FF000064FF00008ADE7F0BCF1
:10DD20004FF0000001F1C04101F00041BDE8008169
:10DD300011EA0C1F0CEA131500D00CE013EA0C1FBB
:10DD400000F025804FF00000F0BC81EA030101F0F3
:10DD50000041BDE80081F0BCBDE8004181EA03015B
:10DD600000F02ABAF0BCBDE8004170B500F0D6F969
:10DD7000097EFC3E00F007B881EA03014FF0000085
:10DD800001F00041704781EA030100F015BAF0BCD0
:10DD9000BDE800414FF0000021497047FFFDFBF94D
:10DDA000F7F5F4F2F0EEEDEBE9E8E6E4E3E1E0DECE
:10DDB000DDDBDAD8D7D5D4D3D1D0CFCDCCCBCAC840
:10DDC000C7C6C5C4C2C1C0BFBEBDBCBBBAB9B8B767
:10DDD000B6B5B4B3B2B1B0AFAEADACABAAA9A8A85A
:10DDE000A7A6A5A4A3A3A2A1A09F9F9E9D9C9C9B28
:10DDF0009A999998979796959594939392919190D3
:10DE00008F8F8E8E8D8C8C8B8B8A89898888878763
:10DE10008685858484838382828181800000FF07D8
:10DE20000000F87F51EA030C17D41CF5801F58BF7F
:10DE3000BCF5801F00F10680994218BF704708BFEB
:10DE40009042704707D711F5801F58BF13F5801F08
:10DE500019D499427047894270471CF5801F08D534
:10DE6000BCF5801FF7D58B4218BF704708BF8242B0
:10DE700070474FF4001C1CEB410F38BF1CEB430FE5
:10DE800001D28B42704770B500F048F992244900E6
:10DE90004FF000514FF08053FFF760BEB0FA80F3AF
:10DEA00010FA03F10AD0C3F11D0303F580634FEAB2
:10DEB00041504FEA035202EBD12170474FF000006E
:10DEC00070470000B1FA81F30B3B20D3994010D189
:10DED000B0FA80F310FA03F108BF7047C3F11D03D5
:10DEE00003F580634FEAD1224FEA415002EB035120
:10DEF0007047C3F1200C20FA0CFC9840C3F13203A8
:10DF000003F5806341EA0C0101EB0351704710B542
:10DF1000C3F10004C3F1320CC4F1200E0CF5806291
:10DF200001FA0EFC21FA04F100FA0EF3E040BDE81C
:10DF3000104040EA0C0001EB025138BF7047401C12
:10DF400041F100015B0008BF20F0010070470000B4
:10DF500051EA030C17D41CF5801F58BFBCF5801F75
:10DF600000F10680994218BF704708BF9042704781
:10DF700007D711F5801F58BF13F5801F19D4994298
:10DF80007047894270471CF5801F08D5BCF5801F7B
:10DF9000F7D58B4218BF704708BF824270474FF4D5
:10DFA000001C1CEB410F38BF1CEB430F01D28B420E
:10DFB000704770B500F0B2F8922449004FF000515C
:10DFC0004FF08053FFF7CABDDFF848C170B51CEAB7
:10DFD000111E1EBF1CEA13159EEA0C0F95EA0C0FCA
:10DFE00000F06F8081EA030423EA4C134EEAD47EEA
:10DFF00021EA4C1141F4801143F48013AE44A1FB9B
:10E00000024CA0FB0365AEF17F7E361955EB0C0583
:10E01000A1FB034C4CF10003A0FB021C16EB0C0609
:10E02000654153F10003094218BF46F0010613F49D
:10E03000007F0BD14FEA03314FEA0530340341EA48
:10E04000155140EA16506FF003020AE04FEAC3216F
:10E050004FEAC520F40241EA555140EA56506FF0AC
:10E06000020202EB2E4201EB025585EACE710AD084
:10E070005FEA440C18BF24F0004450F1000041F165
:10E08000000120EAD47040F2FE7C624500D270BDEF
:10E09000A84214BF4FF080444FF04044002E08BF08
:10E0A0000024BEF1806FA8BFA1F1C041BDE870405F
:10E0B00080F282804FF0000001F1C04101F0004188
:10E0C00070479EEA0C0F0CEA131518BF95EA0C0F67
:10E0D00006D04FF0000081EA030E0EF0004170BD43
:10E0E00000F01CF88900013E00F007B800F009B804
:10E0F0004FEA430C5FEA5C5C08D081EA030100F060
:10E100005BB84FEA410C5FEA5C5CF6D14FF000006F
:10E11000014970470000FF070000F87F0EF1020E72
:10E120002EF0030E5EF8046B364205D4012A43EB51
:10E13000030515F5001F12D8012841EB010C1CF551
:10E14000001F0CD80ED14FEAD17C15F5001F0CEB47
:10E150004C0C0CF1020C08BF4CEBD37C04E04FF0EC
:10E16000080C01E04FEAD37C0CEB4C0526FA05F6CF
:10E1700006F00706B6F1040C06D20EEB860CBDE8DD
:10E1800070404CF0010C6047DFE80CF0090B020214
:10E190004FF000414FF00000A1F5002170BD19467D
:10E1A0001046012851EB010418BFD4F5001484BFB8
:10E1B000002001F0004170BD0808A0F500114FEAF1
:10E1C0003101704753EA010C17D41CF5801F58BF6A
:10E1D000BCF5801F00F106808B4218BF704708BF56
:10E1E0008242704707D713F5801F58BF11F5801F73
:10E1F00019D48B4270479B4270471CF5801F08D58D
:10E20000BCF5801FF7D5994218BF704708BF9042F0
:10E2100070474FF4001C1CEB430F38BF1CEB410F41
:10E2200001D2994270470FB40CBC03BCFFF7C1BECA
:10E2300091EA030F10B581F000413FF5EFAB83F099
:10E24000004300F0D5B800002DE9F04101F5801C35
:10E25000BCF5001FC0F2A9804FEA115C21EA0C5105
:10E260000CF1FD0C41F480115FEA5C0C0CF5C07CF4
:10E2700001D34000494130A4890241EA905187020C
:10E280008E0E0A0CA45D04FB04F602FB06F6C6F132
:10E290004046A4FB0662F60D46EA422606FB06F45B
:10E2A000A4FB01235242C3F1404338BF5B1EA6FBCF
:10E2B00002420024E6FB0324D20B42EA4446A6FBBA
:10E2C0000623A1FB02E2A3FB07E4E3FB61426442F5
:10E2D000C2F1404E38BFAEF1010EA6FB04234FF051
:10E2E0000002E6FB0E32A2FB03463400E2FB62644E
:10E2F000A1FB06E6A4FB07E8E4FB61687642C8F1EF
:10E30000405838BFA8F10108A2FB06E4A3FB08E5CA
:10E31000E2FB6854A1FB05E6A7FB04E8E1FB648689
:10E3200018F1200556F10006A809A8F11B08B1094B
:10E3300008F03F08B8F10A0F40EA86601CD901EBEB
:10E340000C51BDE8F08100BFFCF5EEE8E2DDD8D36A
:10E35000CFCBC7C3C0BDB9B6B4B1AEACA9A7A5A356
:10E36000A19F9D9B9A9896959392908F8D8C8B8967
:10E370008887868584838281A0FB006800FB01F288
:10E3800008EB4208B8EB872807D5341858EB01048E
:10E39000D5D5401C51F10001D1E7341A78EB0104C6
:10E3A000CDD4401E71F10001C9E75FEA4C0C5FEA71
:10E3B0009C5C0DD105D34FF0000001F00041BDE899
:10E3C000F081BDE8F04170B5FFF7A8FE6DDBFFBE40
:10E3D000BDE8F0414FF00000004970470000F87FB1
:10E3E00010B591EA030F48BF83F000433FF516AB29
:10E3F000841A71EB030C07D212198CF0004C43EB1A
:10E400000C03001B61EB0C01DFF8A4E14FEA11548F
:10E41000A4EB135C1EEA430F18BF9EEA445F00F0B2
:10E42000B08023EA6E03524221EA0451C3EB6E032B
:10E4300038BF5B1EDCF1200E25D322FA0CFE10EB58
:10E440000E0043FA0CFE41EB0E01CCF1200E03FA54
:10E450000EFE10EB0E0051F10001CCF1200E29D47C
:10E4600012FA0EF201EB0451BDE8104058BF70479C
:10E47000401C1CBFB2F1004F704700280CBF491C64
:10E4800020F00100704712EB020E43EB030218BFAD
:10E490004FF0010E4EEA4202ACF1200CDCF11E0EF0
:10E4A00054D943FA0CFE10EB0E0051F1FF31CCF1C0
:10E4B0001E0ED5D50EF1010E12FA0EFE404141EBB3
:10E4C000010101EB445C5FEA5C5C10D910EBDE708B
:10E4D00001EB045138BFBEF1004FBDE8104018BF3A
:10E4E000704700280CBF491C20F00100704730D253
:10E4F0004FEAD42C11F5001124F400641BD0B1FABA
:10E5000081F20B3AA41AA41ED2F12003914030FAF2
:10E5100003F31943904001EBCC71002C01EB045143
:10E52000BDE81040A8BF704701F1C0414FF00000A6
:10E5300001F000417047B0FA80F310FA03F100D106
:10E5400010BDE41A173C4805C90AE4E701EB045181
:10E5500010BD491001EB0451BDE810404FEA3000F6
:10E5600002E04FF0000170474A0008BF0042F8D0B7
:10E57000B2F5001F28BF704701F000414FF00000C6
:10E5800070479EEA445F07D011EA5E0FBDE8104075
:10E5900004BF002100207047BDE8104070B5FFF7B0
:10E5A000BDFD00BF40DFF63E83F0004110467047DE
:10E5B0000000E0FF43004FEAD30C4FEA3C0C43401D
:10E5C0001FBF40070CF1605113F0FE4F70471CF065
:10E5D000006F03D100200CF0004170470CF00043A5
:10E5E00043EA507010B540EACC0000F00EF800BFCE
:10E5F000000000924FEA0001FFF7DEBD4FF000413E
:10E600004FF00000A1F5002170470EF1020E2EF030
:10E61000030E5EF8044B244204D44FEA4102B2F1E7
:10E620007F4F11D84FEA4003B3F17F4F0CD80ED182
:10E630004FEAD07CB2F17F4F0CEB4C0C0CF1020C8A
:10E6400008BF4CEBD17C04E04FF0080C01E04FEA2E
:10E65000D17C0CEB4C0324FA03F404F00704B4F16E
:10E66000040C06D20EEB840CBDE810404CF0010CFB
:10E670006047DFE80CF0070802024FF00040A0F509
:10E68000800010BD0846420018BFD2F1807288BFDA
:10E6900000F0004010BD4FF04070E1EE100A7047EE
:10E6A000FF2141EAD050C005704700001CF500086A
:10E6B000000000000000000000000000000000005A
:10E6C0000002000018000000000000000000000030
:10E6D00010F500080000000000000000000000002D
:10E6E000000000000004000008000000000000001E
:10E6F0000000000000F5000800000000000000001D
:10E7000000000000000000000004000008000000FD
:10E710000000000000000000E0F40008000000001D
:10E7200000000000000000000000000000100000D9
:10E73000080000000000000000000000F0F40008E5
:10E7400000000000000000000000000000000000C9
:10E750000018000008000000000000000000000099
:10E760000006101600061016000000000000000051
:10E770000102030406070809000000000102030467
:10E7800075191A0C6A231B1C1D1E1F207274433B33
:10E790004138393A696B6C376F77246D6E70680059
:10E7A000000480004101000000010000830000001F
:10E7B00000080000000100183200050000002041A0
:10E7C0000000D242295C0F3E9A99993E3333733F41
:10E7D000295C0F3E000070000000002400000002D1
:10E7E0000003000000650054FFEF0000FA80000BFA
:10E7F00012820001030C30C30E8C8CE914D5400248
:10E8000013710F8E3883F8833000F883258EF883D8
:10E810003000F883FFFFFFFF0FFEA9D6240004009D
:10E820001A8279A10000003CFFFF000000100000E8
:10E8300038836FA2003E03304000000002CAE309A3
:10E840003E800000200000000000000040000000AA
:10E8500060000000000C0000000C186E0000069222
:10E860000A16C0DFFFFF0256FD8CD377FFE1C49686
:10E87000E0C5BEAA00000000FFFF0B2B00001657EA
:10E88000000003594000000000001DFA00026C1D4A
:10E89000000000003FFFDFEB003EB3B6000D227822
:10E8A00000002F3C00000000001942B5000039A212
:10E8B0000000B365D90E9FC91DCF4C343000000055
:10E8C000500000003BB67AE80064000000C8000079
:10E8D00000000000100000001000FA921000225EFC
:10E8E000000D229F0001000000320000FF460000E2
:10E8F00063D400001000000004D6000004CC000027
:10E9000004CC000000001072000000400000000075
:10E9100000000000000600020005000700000000E3
:10E920000064000000000000000000050005006415
:10E930000020000000000000000000000000400077
:10E940000000030000000032F8980000FF6500009E
:10E95000830F0000FF9BFC0000000000000000008F
:10E9600000000000000000000000000000000000A7
:10E970000000000000000000000000000000000097
:10E980000000100040000000000000060000B26A15
:10E99000000200000001FB830068000000D9FC00B9
:10E9A0007CF1FF830000000000650000006403E8C4
:10E9B00000640028000000250000000016A00000F0
:10E9C0000000100000001000002F0000000001F403
:10E9D0000000100000280000FFFF4581FFFFFA72D1
:10E9E0000000000000000000004400050005BAC659
:10E9F000004778A2000000010000000000000600AF
:10EA0000000000140000254D002F706D000005AEC1
:10EA1000000C02D000000000000000000000000018
:10EA200000000000001B00000000000000000000CB
:10EA3000000000000064000000080000000000006A
:10EA400000000000000000000000000000000000C6
:10EA500000000000000000000000000000000000B6
:10EA600000000000000000000000000000000000A6
:10EA70000000000000000000000000000000000096
:10EA80000000000000000000000000000000000086
:10EA900000000000001B000000000000000000005B
:10EAA000000E000E00000AC7000400000000003243
:10EAB000FFFFFF9C00000B2B000000020000000184
:10EAC00000000064FFE500000000000000000000FE
:10EAD0000000000000000001000000000001000034
:10EAE00000000000000180000001800000018000A3
:10EAF000002426D3000000000000000000060010E3
:10EB00000096003C00000000000000000000000033
:10EB1000000000000C0A4E68CDCF770950166759E7
:10EB2000C619CE82000000000000000000000000B6
:10EB300000000000000000000000000017D7840063
:10EB4000030000000000000000000000C7938F9D3C
:10EB50001E1B1C1900000000000000000000000047
:10EB60000000000000000000000000000203188503
:10EB7000000040000000000300000003000000004F
:10EB80000000000040000000000000000000000045
:10EB90000000000000000000000000000000000075
:10EBA0000000000000000000000000000000000065
:10EBB0000000000000000000677DDF7E72902E558F
:10EBC0004CF6E68800000000000000000000000095
:10EBD00000000000D8DCB4B8B0D8B9ABF3F8FAB391
:10EBE000B7BB8E9EAEF132F51BF1B4B8B08097F191
:10EBF000A9DFDFDFAADFDFDFF2AAC5CDC7A90CC915
:10EC00002C97F1A989264666B28999A92D557DB020
:10EC1000B08AA896365676F1BAA3B4B280C0B8A826
:10EC20009711B28398BAA3F0240844106418B2B9BB
:10EC3000B49883F1A329557DBAB5B1A38393F000AD
:10EC40002850F5B2B6AA839328547CF1B9A38293D5
:10EC500061BAA2DADEDFDB819AB9AEF5606870F1E5
:10EC6000DABAA2DFD9BAA2FAB9A38292DB31BAA288
:10EC7000D9BAA2F8DF85A4D0C1BBAD83C2C5C7B8DD
:10EC8000A2DFDFDFBAA0DFDFDFD8D8F1B8AAB38D0B
:10EC9000B4980D355DB2B6BAAF8C96198F9FA70E9A
:10ECA000161EB49AB8AA872C547CBAA4B08AB6911E
:10ECB000325676B28494A4C808CDD8B8B4B0F199CD
:10ECC00082A82D557D98A80E161EA22C547C92A4C5
:10ECD000F02C5078F184A898C4CDFCD80DDBA8FCAA
:10ECE0002DF3D9BAA6F8DABAA6DED8BAB2B68696A5
:10ECF000A6D0F3C841DAA6C8F8D8B0B4B882A892B2
:10ED0000F52C548898F135D9F418D8F1A2D0F8F937
:10ED1000A884D9C7DFF8F883C5DADF69DF83C1D8F3
:10ED2000F40114F1A8824EA884F311D182F5D9928E
:10ED3000289788F109F41C1CD884A8F3C0F9D1D90C
:10ED40009782F129F40DD8F3F9F9D1D982F4C203ED
:10ED5000D8DEDF1AD8F1A2FAF9A88498D9C7DFF86B
:10ED6000F8F883C7DADF69DFF883C3D8F40114F158
:10ED700098A8822EA884F311D182F5D99250978851
:10ED8000F109F41CD884A8F3C0F8F9D1D99782F11D
:10ED900049F40DD8F3F9F9D1D982F4C403D8DEDFF0
:10EDA000D8F1AD8898CCA809F9D98292A8F57CF160
:10EDB000883ACF944A6E98DB6931DAADF2DEF9D841
:10EDC0008795A8F221D1DAA5F9F417D9F1AE8ED042
:10EDD000C0C3AE82C684C3A88595C8A588F2C0F119
:10EDE000F4010EF18E9EA8C63E56F554F18872F4D9
:10EDF0000115F19845856EF58E9E0488F142985A6A
:10EE00008E9E068869F4011CF1981E1108D0F50445
:10EE1000F11E970202983625DBF9D985A5F3C1DAF0
:10EE200085A5F3DFD88595A8F309DAA5FAD88292EB
:10EE3000A8F578F1881A849F26889821DAF41DF3C2
:10EE4000D8879F39D1AFD9DFDFFBF9F40CF3D8FABB
:10EE5000D0F8DAF9F9D0DFD9F9D8F40BD8F3879FD5
:10EE600039D1AFD9DFDFF41DF3D8FAFCA869F9F97D
:10EE7000AFD0DADEFAD9F88F9FA8F1CCF398DB4552
:10EE8000D9AFDFD0F8D8F18F9FA8CAF38809DAAFDD
:10EE90008FCBF8D8F2AD978D0CD9A5DFF9BAA6F3D0
:10EEA000FAF412F2D8950DD1D9BAA6F3FADAA5F28E
:10EEB000C1BAA6F3DFD8F1BAB2B68696A6D0CAF325
:10EEC00049DAA6CBF8D8B0B4B8D8AD84F2C0DFF137
:10EED0008FCBC3A8B2B68696C8C1CBC3F3B0B488F3
:10EEE00098A821DB718D9D71859521D9ADF2FAD855
:10EEF0008597A828D9F408D8F28D29DAF405D9F233
:10EF000085A4C2F2D8A88D9401D1D9F411F2D88782
:10EF100021D8F40AD8F28498A8C801D1D9F411D81C
:10EF2000F3A4C8BBAFD0F2DEF8F8F8F8F8F8F8F8B8
:10EF3000D8F1B8F6B5B9B08A95A3DE3CA3D9F8D814
:10EF40005CA3D9F8D87CA3D9F8D8F8F9D1A5D9DF32
:10EF5000DAFAD8B18530F7D9DED8F830ADDADED8B4
:10EF6000F2B48C99A32D557DA083DFDFDFB591A08E
:10EF7000F629D9FBD8A0FC29D9FAD8A0D051D9F8C4
:10EF8000D8FC51D9F9D879D9FBD8A0D0FC79D9FAD5
:10EF9000D8A1F9F9F9F9F9A0DADFDFDFD8A1F8F89B
:10EFA000F8F8F8ACDEF8ADDE8393AC2C547CF1A815
:10EFB000DFDFDFF69D2CDAA0DFD9FADB2DF8D8A849
:10EFC00050DAA0D0DED9D0F8F8F8DB55F8D8A87818
:10EFD000DAA0D0DFD9D0FAF8F8F8F8DB7DF8D89CC1
:10EFE000A88CF530DB38D9D0DEDFA0D0DEDFD8A8A2
:10EFF00048DB58D9DFD0DEA0DFD0DED8A868DB70D0
:10F00000D9DFDFA0DFDFD8F1A888902C547C98A846
:10F01000D05C38D1DAF2AE8CDFF9D8B087A8C1C1A4
:10F02000B188A8C6F9F9DA36D8A8F9DA36D8A8F935
:10F03000DA36D8A8F9DA36D8A8F9DA36D8F78D9DB5
:10F04000ADF818DAF2AEDFD8F7ADFA30D9A4DEF9B0
:10F05000D8F2AEDEFAF983A7D9C3C5C7F1889BA75A
:10F060007AADF7DEDFA4F8849408A797F300AEF238
:10F070009819A488C6A39488F632DFF28393DB093B
:10F08000D9F2AADFD8D8AEF8F9D1DAF3A4DEA7F125
:10F09000889B7AD8F38494AE19F9DAAAF1DFD8A85C
:10F0A00081C0C3C5C7A39283F628ADDED9F8D8A323
:10F0B00050ADD9F8D8A378ADD9F8D8F8F9D1A1DAFC
:10F0C000DEC3C5C7D8A18194F818F2B089ACC3C516
:10F0D000C7F1D8B8B4B09786A8319B069907AB970B
:10F0E00028889BF00C201440B0B4B8F0A88A9A2865
:10F0F0005078B79BA82951792470594469386448DD
:10F1000031F1BBAB88002C547CF0B38BB8A8042839
:10F110005078F1B088B49726A85998BBABB38B024E
:10F12000264666B0B8F08A9CA82951798B29517976
:10F130008A2470598B2058718A4469388B39406809
:10F140008A6448318B30496088F1AC002C547CF0E3
:10F150008CA804285078F1889726A85998AC8C027E
:10F16000264666F0899CA82951792470594469384B
:10F17000644831A98809205970AB11384069A81931
:10F180003148608CA83C415C207C00F1879819864E
:10F19000A86E767EA999882D557DD8B1B5B9A3DF23
:10F1A000DFDFAED0DFAAD0DEF2ABF8F9D9B087C48A
:10F1B000AAF1DFDFBBAFDFDFB9D8B1F1A3978E6073
:10F1C000DFB084F2C8F8F9D9DED89385F14AB1836B
:10F1D000A308B5839A0810B79F10D8F1B0BAAEB0A3
:10F1E0008AC2B2B68E9EF1FBD9F41DD8F9D90CF1C2
:10F1F000D8F8F8AD61D9AEFBD8F40CF1D8F8F8AD79
:10F2000019D9AEFBDFD8F416F1D8F8AD8D61D9F479
:10F21000F4ACF59C9C8DDF2BBAB6AEFAF8F40BD8A3
:10F22000F1AED0F8AD51DAAEFAF8F1D8B9B1B6A373
:10F23000839C08B9B1839AB5AAC0FD3083B79F10EB
:10F24000B58B93F20202D1ABDADED8F1B080BAAB63
:10F25000C0C3B284C1C3D8B1B9F38BA391B609B40A
:10F26000D9ABDEB0879CB9A3DDF1B38B8B8B8B8BD5
:10F27000B087A3A3A3A3B28BB69BF2A3A3A3A3A31C
:10F28000A3A3A3A3A3F1B087B59AA3F39BA3A3DC85
:10F29000BAACDFB9A3A3A3A3A3A3A3A3A3A3A3A3CC
:10F2A000A3A3A3A3D8D8D8BBB3B7F1AAF9DAFFD9DF
:10F2B000809AAA28B48098A720B79787A86688F074
:10F2C0007951F1902C870CA781976293F07171604E
:10F2D00085940129517990A5F1284C6C870C9518DB
:10F2E0008578A38390284C6C886CD8F3A28200F2B6
:10F2F00010A8921980A2F2D926D8F188A84DD94831
:10F30000D896A83980D93CD89580A839A68698D9AE
:10F310002CDA87A72CD8A8899519A980D938D8A81C
:10F320008939A980DA3CD8A82EA83990D90CD8A858
:10F33000953198D90CD8A809D9FFD801DAFFD8950A
:10F3400039A9DA26FFD890A80D8999A810809821AC
:10F35000DA2ED88999A83180DA2ED8A886963180FD
:10F36000DA2ED8A8873180DA2ED8A88292F341808D
:10F37000F1D92ED8A882F31980F1D92ED882ACF316
:10F38000C0A28022F1A62EA72EA92298A829DAAC25
:10F39000DEFFD8A2F22AF1A92E8292A8F23180A62D
:10F3A00096F1D900AC8C9C0C30ACDED0DEFFD88C52
:10F3B0009CACD010ACDE8092A2F24C82A8F1CAF2D2
:10F3C00035F19688A6D900D8F1FF000000000000B2
:10F3D000555555555555C53F7D6FEB0312D6D4BFD6
:10F3E0005544880E55C1C93F3B8F68B52882A4BFDC
:10F3F00088B20175E0EF493F09F7FD0DE13D023F9D
:10F400004B2D8A1C273A03C0C88A599CE52A004024
:10F4100059018D1B6C06E6BF82922EB1C5B8B33F71
:10F420004FBB610567ACDD3F182D4454FB21E93F1C
:10F430009BF681D20B73EF3F182D4454FB21F93F0B
:10F44000E2652F227F2B7A3C075C143326A6813C91
:10F45000BDCBF07A8807703C075C143326A6913C3C
:10F46000C4EB98999999C9BF711623FEC671BCBFA8
:10F470006D9A74AFF2B0B3BF9AFDDE522DDEADBF10
:10F480002F6C6A2C44B4A2BF0D5555555555D53F28
:10F49000FF8300922449C23F6E204CC5CD45B73F43
:10F4A000513DD0A0660DB13FEB0D76244B7BA93FBB
:10F4B00011DA22E33AAD903F0000000000000000A6
:10F4C000000000006E83F9A22915444ED15727FC95
:10F4D000C0DD34F5999562DB4190433CAB6351FE4E
:10F4E000424C5545544F4F54485F5461736B000074
:10F4F00052504C494441525F5461736B000000000C
:10F5000046534D5F4D4F544F525F5461736B000033
:10F510004D50555F5461736B000000006465666177
:10F52000756C745461736B0048F50008000000208E
:10F5300010020000000200089CF5000810020020E4
:10F54000E88000005C020008016432104201169558
:10F55000BA0A80E71B089E0401203AAC244AFF380F
:10F5600039056180096F12033A17B7D138C0099A7B
:10F5700099193E6F12833A09222408091A82A87B3E
:10F5800038ACC5273724212370411AA004814B8051
:0CF590003F04095048017C1AAA018100C8
:04000005080001C529
:00000001FF
